Cluster.ID,Base,position_1,position_2,position_3,position_4,position_5,position_6,position_7,position_8,position_9,position_10,position_11,position_12,position_13,position_14,position_15,position_16,position_17,position_18,position_19,position_20,position_21,position_22,position_23,position_24,position_25,position_26
1,A,0,0,0,0,0,4,4,0,0,4,0,4,0,4,0,0,4,4,0,0,0,0,0,0,0,0
1,C,4,4,0,0,0,0,0,4,0,0,0,0,4,0,0,4,0,0,0,0,0,0,0,0,0,0
1,G,0,0,0,4,0,0,0,0,0,0,0,0,0,0,0,0,0,0,0,0,0,0,0,0,0,0
1,T,0,0,4,0,4,0,0,0,4,0,4,0,0,0,4,0,0,0,0,0,0,0,0,0,0,0
2,A,0,4,0,0,0,4,0,0,4,0,0,4,0,0,0,4,0,4,0,0,0,0,0,0,0,0
2,C,0,0,0,0,4,0,0,4,0,0,0,0,0,0,0,0,0,0,4,0,0,0,0,0,0,0
2,G,0,0,0,0,0,0,4,0,0,4,4,0,0,0,4,0,0,0,0,0,0,0,0,0,0,0
2,T,4,0,4,4,0,0,0,0,0,0,0,0,4,4,0,0,4,0,0,0,0,0,0,0,0,0
3,A,4,0,4,0,4,4,0,0,4,4,0,4,4,0,0,0,0,4,0,0,0,0,0,0,0,0
3,C,0,4,0,0,0,0,0,0,0,0,0,0,0,0,0,0,0,0,0,0,0,0,0,0,0,0
3,G,0,0,0,4,0,0,0,0,0,0,4,0,0,0,0,4,0,0,0,0,0,0,0,0,0,0
3,T,0,0,0,0,0,0,4,4,0,0,0,0,0,4,4,0,4,0,4,0,0,0,0,0,0,0
4,A,4,0,0,0,4,0,4,4,4,4,0,0,0,0,4,0,4,0,0,0,0,0,0,0,0,0
4,C,0,4,0,4,0,4,0,0,0,0,4,0,0,0,0,0,0,0,4,0,0,0,0,0,0,0
4,G,0,0,0,0,0,0,0,0,0,0,0,0,0,0,0,0,0,0,0,0,0,0,0,0,0,0
4,T,0,0,4,0,0,0,0,0,0,0,0,4,4,4,0,4,0,4,0,0,0,0,0,0,0,0
5,A,0,0,4,0,0,0,0,0,4,0,4,4,0,0,0,0,0,0,0,0,0,0,0,0,0,0
5,C,0,4,0,4,4,0,0,4,0,0,0,0,0,0,0,4,0,4,4,0,0,0,0,0,0,0
5,G,4,0,0,0,0,0,0,0,0,0,0,0,4,0,4,0,4,0,0,0,0,0,0,0,0,0
5,T,0,0,0,0,0,4,4,0,0,4,0,0,0,4,0,0,0,0,0,0,0,0,0,0,0,0
6,A,4,0,0,0,0,0,4,0,0,0,4,0,0,4,4,0,0,0,4,0,0,0,0,0,0,0
6,C,0,4,0,4,4,0,0,0,0,4,0,4,0,0,0,0,0,0,0,0,0,0,0,0,0,0
6,G,0,0,0,0,0,4,0,0,0,0,0,0,0,0,0,4,0,4,0,0,0,0,0,0,0,0
6,T,0,0,4,0,0,0,0,4,4,0,0,0,4,0,0,0,4,0,0,0,0,0,0,0,0,0
7,A,0,4,0,4,0,0,0,0,0,0,0,4,0,4,4,0,0,0,4,0,0,0,0,0,0,0
7,C,0,0,0,0,0,4,0,0,4,0,0,0,0,0,0,0,0,0,0,0,0,0,0,0,0,0
7,G,0,0,4,0,0,0,0,4,0,0,4,0,4,0,0,0,4,4,0,0,0,0,0,0,0,0
7,T,4,0,0,0,4,0,4,0,0,4,0,0,0,0,0,4,0,0,0,0,0,0,0,0,0,0
8,A,0,4,0,0,0,0,4,4,0,0,0,0,0,0,0,0,0,4,0,0,0,0,0,0,0,0
8,C,4,0,0,0,0,4,0,0,0,0,0,4,0,0,0,4,0,0,4,0,0,0,0,0,0,0
8,G,0,0,4,0,0,0,0,0,4,0,4,0,4,4,4,0,4,0,0,0,0,0,0,0,0,0
8,T,0,0,0,4,4,0,0,0,0,4,0,0,0,0,0,0,0,0,0,0,0,0,0,0,0,0
9,A,0,0,0,0,4,0,4,4,0,0,0,4,0,4,0,4,0,4,4,0,0,0,0,0,0,0
9,C,0,4,0,0,0,4,0,0,4,0,0,0,0,0,0,0,0,0,0,0,0,0,0,0,0,0
9,G,0,0,4,0,0,0,0,0,0,4,4,0,4,0,0,0,0,0,0,4,0,0,0,0,0,0
9,T,4,0,0,4,0,0,0,0,0,0,0,0,0,0,4,0,4,0,0,0,0,0,0,0,0,0
10,A,0,0,0,0,0,0,4,0,4,4,0,0,0,0,4,4,0,0,4,0,0,0,0,0,0,0
10,C,0,0,0,0,4,0,0,0,0,0,0,0,0,0,0,0,0,4,0,0,0,0,0,0,0,0
10,G,4,0,0,0,0,0,0,0,0,0,4,0,0,4,0,0,4,0,0,0,0,0,0,0,0,0
10,T,0,4,4,4,0,4,0,4,0,0,0,4,4,0,0,0,0,0,0,4,0,0,0,0,0,0
11,A,0,0,4,0,0,0,0,0,0,4,0,0,0,0,0,0,0,0,0,0,0,0,0,0,0,0
11,C,0,4,0,0,4,0,0,0,4,0,4,0,0,0,0,0,0,4,0,0,0,0,0,0,0,0
11,G,0,0,0,0,0,0,0,0,0,0,0,4,0,0,0,4,0,0,4,4,0,0,0,0,0,0
11,T,4,0,0,4,0,4,4,4,0,0,0,0,4,4,4,0,4,0,0,0,0,0,0,0,0,0
12,A,0,4,4,0,4,4,0,0,0,0,0,4,0,0,4,0,4,0,0,4,0,0,0,0,0,0
12,C,0,0,0,0,0,0,4,0,0,0,0,0,0,4,0,0,0,4,4,0,0,0,0,0,0,0
12,G,0,0,0,0,0,0,0,4,4,0,4,0,0,0,0,4,0,0,0,0,0,0,0,0,0,0
12,T,4,0,0,4,0,0,0,0,0,4,0,0,4,0,0,0,0,0,0,0,0,0,0,0,0,0
13,A,0,0,0,0,4,0,4,0,0,4,0,0,0,0,0,0,4,0,0,0,0,0,0,0,0,0
13,C,0,4,0,0,0,0,0,4,0,0,0,4,0,4,0,0,0,0,4,0,0,0,0,0,0,0
13,G,0,0,0,4,0,0,0,0,0,0,0,0,4,0,4,4,0,4,0,4,0,0,0,0,0,0
13,T,4,0,4,0,0,4,0,0,4,0,4,0,0,0,0,0,0,0,0,0,0,0,0,0,0,0
14,A,4,4,0,4,0,0,0,0,4,4,4,0,0,0,0,0,4,4,4,0,0,0,0,0,0,0
14,C,0,0,4,0,0,0,0,0,0,0,0,4,0,0,0,4,0,0,0,0,0,0,0,0,0,0
14,G,0,0,0,0,4,4,0,0,0,0,0,0,4,0,0,0,0,0,0,0,0,0,0,0,0,0
14,T,0,0,0,0,0,0,4,4,0,0,0,0,0,4,4,0,0,0,0,4,0,0,0,0,0,0
15,A,0,4,0,0,0,4,0,4,0,0,0,0,0,0,4,0,0,4,0,4,0,0,0,0,0,0
15,C,0,0,4,0,0,0,0,0,4,0,0,0,0,4,0,0,0,0,0,0,0,0,0,0,0,0
15,G,4,0,0,0,4,0,4,0,0,4,4,0,4,0,0,4,4,0,0,0,0,0,0,0,0,0
15,T,0,0,0,4,0,0,0,0,0,0,0,4,0,0,0,0,0,0,4,0,0,0,0,0,0,0
16,A,0,0,0,0,0,0,0,0,0,0,4,4,0,4,4,4,0,0,0,4,0,0,0,0,0,0
16,C,4,0,4,0,0,0,0,0,0,0,0,0,0,0,0,0,0,0,0,0,0,0,0,0,0,0
16,G,0,4,0,0,4,0,4,0,0,4,0,0,4,0,0,0,0,4,4,0,0,0,0,0,0,0
16,T,0,0,0,4,0,4,0,4,4,0,0,0,0,0,0,0,4,0,0,0,0,0,0,0,0,0
17,A,4,0,0,0,0,0,4,0,4,4,0,0,0,0,4,4,0,0,0,0,0,0,0,0,0,0
17,C,0,0,0,4,0,0,0,0,0,0,0,0,0,0,0,0,4,0,4,0,0,0,0,0,0,0
17,G,0,4,0,0,0,0,0,4,0,0,4,0,0,4,0,0,0,4,0,4,0,0,0,0,0,0
17,T,0,0,4,0,4,4,0,0,0,0,0,4,4,0,0,0,0,0,0,0,0,0,0,0,0,0
18,A,0,4,0,4,4,4,0,4,0,0,4,0,0,0,0,0,0,4,4,4,0,0,0,0,0,0
18,C,0,0,0,0,0,0,4,0,0,0,0,4,0,4,4,4,0,0,0,0,0,0,0,0,0,0
18,G,0,0,4,0,0,0,0,0,4,4,0,0,4,0,0,0,4,0,0,0,0,0,0,0,0,0
18,T,4,0,0,0,0,0,0,0,0,0,0,0,0,0,0,0,0,0,0,0,0,0,0,0,0,0
19,A,0,0,0,4,0,0,4,0,0,0,0,4,0,0,4,0,0,0,0,0,0,0,0,0,0,0
19,C,4,4,0,0,4,0,0,4,4,0,4,0,0,0,0,0,0,0,0,0,0,0,0,0,0,0
19,G,0,0,0,0,0,0,0,0,0,0,0,0,0,4,0,0,4,4,0,4,0,0,0,0,0,0
19,T,0,0,4,0,0,4,0,0,0,4,0,0,4,0,0,4,0,0,4,0,0,0,0,0,0,0
20,A,0,4,4,0,0,4,0,4,0,0,0,4,0,0,0,0,0,4,4,4,0,0,0,0,0,0
20,C,0,0,0,0,4,0,0,0,0,4,0,0,0,0,0,0,0,0,0,0,0,0,0,0,0,0
20,G,0,0,0,4,0,0,0,0,0,0,0,0,4,4,0,4,0,0,0,0,0,0,0,0,0,0
20,T,4,0,0,0,0,0,4,0,4,0,4,0,0,0,4,0,4,0,0,0,0,0,0,0,0,0
21,A,4,0,0,4,0,0,4,0,0,4,4,0,0,4,0,0,0,0,4,0,0,0,0,0,0,0
21,C,0,0,0,0,0,0,0,4,0,0,0,0,4,0,4,0,0,0,0,0,0,0,0,0,0,0
21,G,0,0,4,0,0,0,0,0,0,0,0,4,0,0,0,4,4,4,0,4,0,0,0,0,0,0
21,T,0,4,0,0,4,4,0,0,4,0,0,0,0,0,0,0,0,0,0,0,0,0,0,0,0,0
22,A,0,0,0,0,0,0,4,0,0,0,0,4,0,0,4,0,0,4,0,0,0,0,0,0,0,0
22,C,0,0,0,4,0,0,0,0,4,0,4,0,0,0,0,4,0,0,4,0,0,0,0,0,0,0
22,G,0,0,0,0,0,4,0,4,0,0,0,0,0,4,0,0,0,0,0,0,0,0,0,0,0,0
22,T,4,4,4,0,4,0,0,0,0,4,0,0,4,0,0,0,4,0,0,4,0,0,0,0,0,0
23,A,0,0,0,0,4,0,0,0,0,4,0,0,4,0,0,0,0,0,0,0,0,0,0,0,0,0
23,C,0,4,0,4,0,0,0,4,0,0,0,4,0,0,4,4,0,0,0,0,0,0,0,0,0,0
23,G,0,0,0,0,0,4,0,0,4,0,4,0,0,0,0,0,4,0,0,0,0,0,0,0,0,0
23,T,4,0,4,0,0,0,4,0,0,0,0,0,0,4,0,0,0,4,4,4,0,0,0,0,0,0
24,A,4,0,0,0,0,0,0,0,0,0,0,0,0,0,0,0,0,0,0,0,0,0,0,0,0,0
24,C,0,0,0,4,0,4,0,0,4,0,4,0,0,4,4,0,0,0,0,0,0,0,0,0,0,0
24,G,0,4,4,0,0,0,0,4,0,0,0,0,0,0,0,4,0,0,0,0,0,0,0,0,0,0
24,T,0,0,0,0,4,0,4,0,0,4,0,4,4,0,0,0,4,4,4,4,0,0,0,0,0,0
25,A,0,0,0,0,0,4,0,0,0,0,4,0,4,0,0,0,0,0,0,0,0,0,0,0,0,0
25,C,0,0,4,0,0,0,0,0,0,0,0,4,0,0,0,0,0,0,4,0,0,0,0,0,0,0
25,G,0,0,0,0,4,0,4,4,4,0,0,0,0,4,4,0,4,0,0,0,0,0,0,0,0,0
25,T,4,4,0,4,0,0,0,0,0,4,0,0,0,0,0,4,0,4,0,4,0,0,0,0,0,0
26,A,4,0,0,0,0,4,0,0,0,0,0,0,0,4,0,4,0,0,0,0,0,0,0,0,0,0
26,C,0,0,4,4,4,0,0,0,4,0,0,0,4,0,4,0,4,0,0,0,0,0,0,0,0,0
26,G,0,0,0,0,0,0,4,0,0,4,4,4,0,0,0,0,0,4,4,0,0,0,0,0,0,0
26,T,0,4,0,0,0,0,0,4,0,0,0,0,0,0,0,0,0,0,0,4,0,0,0,0,0,0
27,A,0,4,0,0,0,4,4,0,0,0,0,0,0,4,0,0,0,0,0,0,0,0,0,0,0,0
27,C,0,0,4,4,0,0,0,0,0,0,4,0,4,0,0,0,0,0,4,0,0,0,0,0,0,0
27,G,0,0,0,0,4,0,0,0,0,0,0,4,0,0,0,4,4,4,0,0,0,0,0,0,0,0
27,T,4,0,0,0,0,0,0,4,4,4,0,0,0,0,4,0,0,0,0,4,0,0,0,0,0,0
28,A,4,0,4,0,0,0,4,0,0,0,0,0,0,0,0,0,0,0,0,0,0,0,0,0,0,0
28,C,0,0,0,4,0,0,0,0,4,0,4,0,0,0,0,0,0,4,0,4,0,0,0,0,0,0
28,G,0,0,0,0,0,4,0,0,0,0,0,0,4,4,4,4,0,0,4,0,0,0,0,0,0,0
28,T,0,4,0,0,4,0,0,4,0,4,0,4,0,0,0,0,4,0,0,0,0,0,0,0,0,0
29,A,0,0,0,0,0,0,0,0,0,0,0,0,4,4,4,0,0,0,0,0,0,0,0,0,0,0
29,C,4,4,4,0,0,0,0,0,0,0,4,4,0,0,0,4,0,0,0,0,0,0,0,0,0,0
29,G,0,0,0,0,0,4,0,0,4,4,0,0,0,0,0,0,4,4,0,0,0,0,0,0,0,0
29,T,0,0,0,4,4,0,4,4,0,0,0,0,0,0,0,0,0,0,4,4,0,0,0,0,0,0
30,A,0,0,0,0,0,4,0,0,0,0,4,0,0,0,0,0,4,0,0,0,0,0,0,0,0,0
30,C,4,0,0,0,0,0,0,0,0,4,0,0,4,0,4,0,0,0,4,0,0,0,0,0,0,0
30,G,0,0,0,4,4,0,4,0,0,0,0,4,0,0,0,4,0,4,0,0,0,0,0,0,0,0
30,T,0,4,4,0,0,0,0,4,4,0,0,0,0,4,0,0,0,0,0,4,0,0,0,0,0,0
31,A,0,0,0,0,0,0,4,0,0,0,0,0,0,0,0,0,0,4,0,0,0,0,0,0,0,0
31,C,0,0,0,0,0,0,0,0,0,4,0,0,0,0,0,0,4,0,0,0,0,0,0,0,0,0
31,G,0,4,0,0,0,0,0,4,4,0,4,4,0,4,4,4,0,0,4,4,0,0,0,0,0,0
31,T,4,0,4,4,4,4,0,0,0,0,0,0,4,0,0,0,0,0,0,0,0,0,0,0,0,0
32,A,4,0,0,0,0,0,0,0,0,0,0,0,0,4,0,0,0,0,0,0,0,0,0,0,0,0
32,C,0,0,4,0,0,0,0,0,0,0,4,0,0,0,4,4,4,0,0,4,0,0,0,0,0,0
32,G,0,0,0,0,4,0,4,0,4,4,0,4,4,0,0,0,0,0,0,0,0,0,0,0,0,0
32,T,0,4,0,4,0,4,0,4,0,0,0,0,0,0,0,0,0,4,4,0,0,0,0,0,0,0
33,A,0,0,0,0,4,4,0,0,4,0,0,4,0,0,4,4,0,4,0,0,0,0,0,0,0,0
33,C,0,0,0,4,0,0,0,0,0,0,4,0,0,4,0,0,4,0,0,0,0,0,0,0,0,0
33,G,0,0,4,0,0,0,0,4,0,4,0,0,0,0,0,0,0,0,0,0,0,0,0,0,0,0
33,T,4,4,0,0,0,0,4,0,0,0,0,0,4,0,0,0,0,0,4,4,0,0,0,0,0,0
34,A,0,0,0,0,0,4,0,0,0,0,0,0,0,0,0,0,0,0,0,0,0,0,0,0,0,0
34,C,0,4,4,4,0,0,4,0,0,0,0,0,0,0,4,0,4,0,0,0,0,0,0,0,0,0
34,G,0,0,0,0,0,0,0,0,0,0,0,4,0,0,0,0,0,0,4,4,0,0,0,0,0,0
34,T,4,0,0,0,4,0,0,4,4,4,4,0,4,4,0,4,0,4,0,0,0,0,0,0,0,0
35,A,4,0,0,0,0,0,4,0,0,0,0,4,0,4,0,0,0,0,0,0,0,0,0,0,0,0
35,C,0,4,0,0,4,4,0,0,0,0,4,0,4,0,0,0,0,0,4,0,0,0,0,0,0,0
35,G,0,0,4,0,0,0,0,0,0,4,0,0,0,0,0,0,4,4,0,4,0,0,0,0,0,0
35,T,0,0,0,4,0,0,0,4,4,0,0,0,0,0,4,4,0,0,0,0,0,0,0,0,0,0
36,A,0,0,0,0,0,0,0,0,0,0,0,0,0,0,4,0,0,0,0,0,0,0,0,0,0,0
36,C,0,4,4,4,0,4,0,4,0,4,0,0,4,4,0,0,0,0,0,0,0,0,0,0,0,0
36,G,4,0,0,0,4,0,4,0,4,0,4,4,0,0,0,4,4,4,4,0,0,0,0,0,0,0
36,T,0,0,0,0,0,0,0,0,0,0,0,0,0,0,0,0,0,0,0,4,0,0,0,0,0,0
37,A,4,0,0,0,4,4,0,4,0,4,0,0,0,0,4,0,4,4,0,0,0,0,0,0,0,0
37,C,0,0,0,4,0,0,4,0,0,0,0,0,4,0,0,0,0,0,0,0,0,0,0,0,0,0
37,G,0,0,4,0,0,0,0,0,4,0,4,0,0,4,0,0,0,0,4,0,0,0,0,0,0,0
37,T,0,4,0,0,0,0,0,0,0,0,0,4,0,0,0,4,0,0,0,4,0,0,0,0,0,0
38,A,0,0,0,4,0,4,4,0,0,0,4,0,0,0,0,4,0,0,0,0,0,0,0,0,0,0
38,C,0,4,4,0,0,0,0,0,0,0,0,0,0,0,4,0,4,0,0,0,0,0,0,0,0,0
38,G,0,0,0,0,0,0,0,4,4,4,0,4,0,0,0,0,0,4,4,0,0,0,0,0,0,0
38,T,4,0,0,0,4,0,0,0,0,0,0,0,4,4,0,0,0,0,0,4,0,0,0,0,0,0
39,A,0,0,4,0,0,0,0,0,0,0,0,0,4,0,0,4,0,0,0,0,0,0,0,0,0,0
39,C,0,0,0,0,0,4,0,0,0,0,0,0,0,0,0,0,0,0,0,0,0,0,0,0,0,0
39,G,4,0,0,4,4,0,0,0,0,0,0,0,0,0,0,0,4,0,4,0,0,0,0,0,0,0
39,T,0,4,0,0,0,0,4,4,4,4,4,4,0,4,4,0,0,4,0,4,0,0,0,0,0,0
40,A,0,0,0,0,0,0,4,0,0,4,0,0,0,4,4,4,0,0,0,0,0,0,0,0,0,0
40,C,0,0,0,0,4,0,0,0,0,0,0,0,0,0,0,0,0,0,0,0,0,0,0,0,0,0
40,G,0,4,4,0,0,0,0,4,4,0,4,0,4,0,0,0,4,4,0,0,0,0,0,0,0,0
40,T,4,0,0,4,0,4,0,0,0,0,0,4,0,0,0,0,0,0,4,4,0,0,0,0,0,0
41,A,0,0,0,4,4,0,4,0,0,0,0,0,0,0,4,0,0,0,0,0,0,0,0,0,0,0
41,C,0,4,4,0,0,0,0,0,4,4,0,0,4,0,0,0,4,4,0,0,0,0,0,0,0,0
41,G,4,0,0,0,0,0,0,4,0,0,4,0,0,4,0,0,0,0,0,4,0,0,0,0,0,0
41,T,0,0,0,0,0,4,0,0,0,0,0,4,0,0,0,4,0,0,4,0,0,0,0,0,0,0
42,A,0,4,0,0,0,0,0,0,0,0,4,0,4,0,4,0,4,0,0,4,0,0,0,0,0,0
42,C,0,0,0,0,0,0,0,0,0,0,0,4,0,0,0,4,0,0,0,0,0,0,0,0,0,0
42,G,0,0,4,0,0,0,4,0,4,0,0,0,0,0,0,0,0,4,0,0,0,0,0,0,0,0
42,T,4,0,0,4,4,4,0,4,0,4,0,0,0,4,0,0,0,0,4,0,0,0,0,0,0,0
43,A,0,0,0,4,0,4,0,0,0,0,0,4,0,0,0,0,0,4,0,4,0,0,0,0,0,0
43,C,0,4,4,0,0,0,0,0,0,0,0,0,0,0,0,0,0,0,0,0,0,0,0,0,0,0
43,G,4,0,0,0,0,0,0,0,0,0,0,0,0,4,0,0,4,0,4,0,0,0,0,0,0,0
43,T,0,0,0,0,4,0,4,4,4,4,4,0,4,0,4,4,0,0,0,0,0,0,0,0,0,0
44,A,4,4,4,0,0,0,0,0,0,0,0,0,4,0,0,0,0,0,0,0,0,0,0,0,0,0
44,C,0,0,0,0,0,0,0,4,4,0,4,0,0,4,0,4,0,0,0,0,0,0,0,0,0,0
44,G,0,0,0,0,0,4,0,0,0,4,0,4,0,0,0,0,4,4,4,0,0,0,0,0,0,0
44,T,0,0,0,4,4,0,4,0,0,0,0,0,0,0,4,0,0,0,0,4,0,0,0,0,0,0
45,A,0,4,0,0,4,0,0,4,4,0,4,4,0,4,0,0,0,0,4,0,0,0,0,0,0,0
45,C,0,0,4,0,0,4,4,0,0,0,0,0,4,0,0,0,4,0,0,0,0,0,0,0,0,0
45,G,0,0,0,0,0,0,0,0,0,0,0,0,0,0,4,4,0,0,0,0,0,0,0,0,0,0
45,T,4,0,0,4,0,0,0,0,0,4,0,0,0,0,0,0,0,4,0,4,0,0,0,0,0,0
46,A,0,0,0,0,0,0,0,0,0,0,0,0,4,0,0,4,0,0,4,0,0,0,0,0,0,0
46,C,0,4,0,0,0,0,0,0,0,0,0,0,0,0,0,0,0,4,0,4,0,0,0,0,0,0
46,G,0,0,4,0,4,0,0,0,0,0,0,0,0,0,4,0,4,0,0,0,0,0,0,0,0,0
46,T,4,0,0,4,0,4,4,4,4,4,4,4,0,4,0,0,0,0,0,0,0,0,0,0,0,0
47,A,0,4,0,0,4,0,0,4,0,0,0,0,4,0,4,4,0,0,4,0,0,0,0,0,0,0
47,C,0,0,4,4,0,4,4,0,0,0,0,4,0,0,0,0,0,0,0,4,0,0,0,0,0,0
47,G,0,0,0,0,0,0,0,0,0,0,4,0,0,4,0,0,4,0,0,0,0,0,0,0,0,0
47,T,4,0,0,0,0,0,0,0,4,4,0,0,0,0,0,0,0,4,0,0,0,0,0,0,0,0
48,A,0,4,0,0,0,0,0,4,4,0,0,0,0,0,0,0,0,4,4,0,0,0,0,0,0,0
48,C,0,0,4,0,0,0,0,0,0,0,4,4,0,0,4,4,4,0,0,0,0,0,0,0,0,0
48,G,4,0,0,4,4,4,0,0,0,0,0,0,0,4,0,0,0,0,0,0,0,0,0,0,0,0
48,T,0,0,0,0,0,0,4,0,0,4,0,0,4,0,0,0,0,0,0,4,0,0,0,0,0,0
49,A,4,0,0,0,4,0,0,4,0,0,0,0,4,0,0,0,0,0,0,0,0,0,0,0,0,0
49,C,0,0,0,0,0,4,4,0,0,0,0,4,0,0,4,0,0,4,0,0,0,0,0,0,0,0
49,G,0,0,0,0,0,0,0,0,0,4,4,0,0,0,0,4,4,0,0,4,0,0,0,0,0,0
49,T,0,4,4,4,0,0,0,0,4,0,0,0,0,4,0,0,0,0,4,0,0,0,0,0,0,0
50,A,0,0,4,0,0,0,0,4,4,0,0,0,0,4,0,0,0,0,0,4,0,0,0,0,0,0
50,C,0,0,0,0,0,4,4,0,0,0,0,0,4,0,0,0,0,0,4,0,0,0,0,0,0,0
50,G,0,0,0,0,4,0,0,0,0,4,4,0,0,0,4,0,0,0,0,0,0,0,0,0,0,0
50,T,4,4,0,4,0,0,0,0,0,0,0,4,0,0,0,4,4,4,0,0,0,0,0,0,0,0
51,A,0,4,0,4,0,0,0,0,0,0,0,0,4,0,0,0,0,4,0,4,0,0,0,0,0,0
51,C,4,0,0,0,0,4,0,0,0,4,0,0,0,0,0,0,0,0,4,0,0,0,0,0,0,0
51,G,0,0,0,0,4,0,0,0,0,0,4,4,0,0,0,0,4,0,0,0,0,0,0,0,0,0
51,T,0,0,4,0,0,0,4,4,4,0,0,0,0,4,4,4,0,0,0,0,0,0,0,0,0,0
52,A,0,0,4,0,4,0,0,0,4,0,0,0,0,0,0,0,0,0,0,4,0,0,0,0,0,0
52,C,4,4,0,4,0,0,4,0,0,0,0,4,0,4,0,0,0,4,0,0,0,0,0,0,0,0
52,G,0,0,0,0,0,0,0,0,0,0,4,0,0,0,0,0,0,0,0,0,0,0,0,0,0,0
52,T,0,0,0,0,0,4,0,4,0,4,0,0,4,0,4,4,4,0,4,0,0,0,0,0,0,0
53,A,0,4,0,0,0,0,0,0,0,0,0,4,0,0,0,0,0,4,0,4,0,0,0,0,0,0
53,C,0,0,0,4,0,0,4,4,0,0,4,0,0,0,0,0,4,0,4,0,0,0,0,0,0,0
53,G,0,0,0,0,0,0,0,0,0,0,0,0,0,0,4,4,0,0,0,0,0,0,0,0,0,0
53,T,4,0,4,0,4,4,0,0,4,4,0,0,4,4,0,0,0,0,0,0,0,0,0,0,0,0
54,A,0,4,0,4,0,0,4,0,4,0,4,0,0,0,0,0,0,0,4,4,0,0,0,0,0,0
54,C,0,0,0,0,0,0,0,0,0,0,0,4,4,0,4,0,4,0,0,0,0,0,0,0,0,0
54,G,4,0,0,0,0,0,0,0,0,0,0,0,0,0,0,0,0,4,0,0,0,0,0,0,0,0
54,T,0,0,4,0,4,4,0,4,0,4,0,0,0,4,0,4,0,0,0,0,0,0,0,0,0,0
55,A,0,4,0,0,4,0,4,0,0,4,0,0,0,0,4,0,0,0,4,0,0,0,0,0,0,0
55,C,4,0,0,0,0,0,0,0,0,0,0,0,0,0,0,0,0,0,0,0,0,0,0,0,0,0
55,G,0,0,4,0,0,0,0,4,4,0,4,4,4,4,0,0,0,0,0,0,0,0,0,0,0,0
55,T,0,0,0,4,0,4,0,0,0,0,0,0,0,0,0,4,4,4,0,4,0,0,0,0,0,0
56,A,0,0,4,4,0,0,0,4,0,0,4,0,0,4,0,0,4,0,0,0,0,0,0,0,0,0
56,C,4,0,0,0,4,0,0,0,0,0,0,0,4,0,0,0,0,4,0,4,0,0,0,0,0,0
56,G,0,4,0,0,0,0,0,0,4,4,0,0,0,0,0,4,0,0,4,0,0,0,0,0,0,0
56,T,0,0,0,0,0,4,4,0,0,0,0,4,0,0,4,0,0,0,0,0,0,0,0,0,0,0
57,A,0,0,0,4,0,0,4,4,0,4,4,0,0,0,0,0,4,0,0,0,0,0,0,0,0,0
57,C,0,4,4,0,0,4,0,0,4,0,0,0,0,0,0,0,0,4,0,0,0,0,0,0,0,0
57,G,4,0,0,0,4,0,0,0,0,0,0,0,4,4,0,0,0,0,4,0,0,0,0,0,0,0
57,T,0,0,0,0,0,0,0,0,0,0,0,4,0,0,4,4,0,0,0,4,0,0,0,0,0,0
58,A,0,0,0,0,0,0,0,0,4,0,0,0,0,0,4,4,0,0,0,0,0,0,0,0,0,0
58,C,4,0,0,4,0,0,4,0,0,4,0,0,0,0,0,0,4,4,0,0,0,0,0,0,0,0
58,G,0,0,0,0,0,0,0,4,0,0,0,0,0,4,0,0,0,0,0,4,0,0,0,0,0,0
58,T,0,4,4,0,4,4,0,0,0,0,4,4,4,0,0,0,0,0,4,0,0,0,0,0,0,0
59,A,0,0,0,0,4,0,0,4,0,4,0,0,0,0,0,0,0,0,4,4,0,0,0,0,0,0
59,C,4,4,0,0,0,0,4,0,0,0,0,0,4,0,0,0,0,0,0,0,0,0,0,0,0,0
59,G,0,0,4,0,0,0,0,0,0,0,0,4,0,0,4,4,0,0,0,0,0,0,0,0,0,0
59,T,0,0,0,4,0,4,0,0,4,0,4,0,0,4,0,0,4,4,0,0,0,0,0,0,0,0
60,A,0,0,0,4,0,0,0,4,0,4,0,0,0,0,0,0,0,0,0,0,0,0,0,0,0,0
60,C,4,4,0,0,4,4,4,0,4,0,0,0,0,0,4,0,0,0,4,0,0,0,0,0,0,0
60,G,0,0,0,0,0,0,0,0,0,0,0,4,4,0,0,0,0,0,0,4,0,0,0,0,0,0
60,T,0,0,4,0,0,0,0,0,0,0,4,0,0,4,0,4,4,4,0,0,0,0,0,0,0,0
61,A,0,0,0,0,0,4,0,0,0,0,0,0,4,0,0,0,0,0,0,0,0,0,0,0,0,0
61,C,0,0,4,0,0,0,0,0,0,0,0,4,0,0,0,0,0,0,0,0,0,0,0,0,0,0
61,G,0,4,0,0,4,0,4,0,4,0,4,0,0,0,4,0,4,4,0,0,0,0,0,0,0,0
61,T,4,0,0,4,0,0,0,4,0,4,0,0,0,4,0,4,0,0,4,4,0,0,0,0,0,0
62,A,0,0,0,4,0,4,0,0,4,0,4,0,0,4,0,4,0,4,0,0,0,0,0,0,0,0
62,C,4,4,0,0,0,0,0,0,0,0,0,0,0,0,0,0,4,0,0,0,0,0,0,0,0,0
62,G,0,0,4,0,0,0,4,0,0,0,0,0,4,0,4,0,0,0,0,0,0,0,0,0,0,0
62,T,0,0,0,0,4,0,0,4,0,4,0,4,0,0,0,0,0,0,4,4,0,0,0,0,0,0
63,A,0,0,4,0,0,4,4,0,0,0,0,0,0,0,0,0,0,0,4,4,0,0,0,0,0,0
63,C,0,4,0,0,4,0,0,0,0,4,4,0,0,0,0,0,0,0,0,0,0,0,0,0,0,0
63,G,0,0,0,4,0,0,0,0,4,0,0,4,0,4,0,4,4,0,0,0,0,0,0,0,0,0
63,T,4,0,0,0,0,0,0,4,0,0,0,0,4,0,4,0,0,4,0,0,0,0,0,0,0,0
64,A,0,4,0,0,4,4,4,0,0,4,0,0,0,0,0,0,0,0,0,4,0,0,0,0,0,0
64,C,0,0,0,0,0,0,0,0,0,0,0,0,0,0,0,0,0,0,0,0,0,0,0,0,0,0
64,G,0,0,0,0,0,0,0,4,4,0,4,4,4,0,0,4,4,4,0,0,0,0,0,0,0,0
64,T,4,0,4,4,0,0,0,0,0,0,0,0,0,4,4,0,0,0,4,0,0,0,0,0,0,0
65,A,0,0,4,0,4,0,4,0,0,4,0,4,0,0,0,0,0,0,0,0,0,0,0,0,0,0
65,C,0,0,0,4,0,0,0,4,0,0,4,0,0,4,0,0,4,4,4,0,0,0,0,0,0,0
65,G,0,4,0,0,0,0,0,0,4,0,0,0,4,0,0,4,0,0,0,0,0,0,0,0,0,0
65,T,4,0,0,0,0,4,0,0,0,0,0,0,0,0,4,0,0,0,0,4,0,0,0,0,0,0
66,A,0,0,4,0,0,0,4,0,0,0,0,0,0,0,4,0,0,0,0,0,0,0,0,0,0,0
66,C,0,4,0,0,0,4,0,0,0,0,0,0,0,0,0,0,4,4,4,0,0,0,0,0,0,0
66,G,4,0,0,0,4,0,0,0,4,4,0,0,0,0,0,0,0,0,0,0,0,0,0,0,0,0
66,T,0,0,0,4,0,0,0,4,0,0,4,4,4,4,0,4,0,0,0,4,0,0,0,0,0,0
67,A,0,0,4,0,0,0,4,0,4,4,4,0,0,0,0,4,0,4,4,0,0,0,0,0,0,0
67,C,0,4,0,4,0,0,0,0,0,0,0,4,0,0,0,0,0,0,0,0,0,0,0,0,0,0
67,G,0,0,0,0,4,0,0,4,0,0,0,0,0,0,0,0,4,0,0,0,0,0,0,0,0,0
67,T,4,0,0,0,0,4,0,0,0,0,0,0,4,4,4,0,0,0,0,4,0,0,0,0,0,0
68,A,0,0,4,0,0,0,0,0,0,4,4,4,4,0,0,0,0,0,0,0,0,0,0,0,0,0
68,C,0,4,0,0,4,0,4,4,0,0,0,0,0,0,0,0,0,0,0,0,0,0,0,0,0,0
68,G,0,0,0,4,0,4,0,0,0,0,0,0,0,0,0,0,0,0,0,4,0,0,0,0,0,0
68,T,4,0,0,0,0,0,0,0,4,0,0,0,0,4,4,4,4,4,4,0,0,0,0,0,0,0
69,A,0,0,4,4,4,4,4,0,4,0,0,0,4,0,0,0,4,0,0,4,0,0,0,0,0,0
69,C,4,4,0,0,0,0,0,0,0,0,0,0,0,4,0,0,0,0,0,0,0,0,0,0,0,0
69,G,0,0,0,0,0,0,0,0,0,0,4,0,0,0,0,0,0,4,0,0,0,0,0,0,0,0
69,T,0,0,0,0,0,0,0,4,0,4,0,4,0,0,4,4,0,0,4,0,0,0,0,0,0,0
70,A,0,0,4,0,0,4,0,0,0,0,4,0,0,0,0,0,0,0,0,0,0,0,0,0,0,0
70,C,0,4,0,4,0,0,0,4,4,4,0,4,0,0,0,0,4,4,4,4,0,0,0,0,0,0
70,G,4,0,0,0,4,0,4,0,0,0,0,0,0,0,0,4,0,0,0,0,0,0,0,0,0,0
70,T,0,0,0,0,0,0,0,0,0,0,0,0,4,4,4,0,0,0,0,0,0,0,0,0,0,0
71,A,0,0,0,4,0,0,0,0,0,4,0,0,4,0,0,0,4,0,0,4,0,0,0,0,0,0
71,C,4,4,0,0,0,4,0,0,0,0,4,0,0,0,0,0,0,0,0,0,0,0,0,0,0,0
71,G,0,0,0,0,0,0,0,0,0,0,0,4,0,4,0,0,0,4,4,0,0,0,0,0,0,0
71,T,0,0,4,0,4,0,4,4,4,0,0,0,0,0,4,4,0,0,0,0,0,0,0,0,0,0
72,A,0,0,0,4,0,4,0,4,0,0,4,4,4,0,0,0,0,4,0,0,0,0,0,0,0,0
72,C,4,4,0,0,4,0,4,0,0,4,0,0,0,0,4,0,0,0,0,0,0,0,0,0,0,0
72,G,0,0,0,0,0,0,0,0,0,0,0,0,0,4,0,0,0,0,0,4,0,0,0,0,0,0
72,T,0,0,4,0,0,0,0,0,4,0,0,0,0,0,0,4,4,0,4,0,0,0,0,0,0,0
73,A,0,0,4,4,0,4,0,0,0,0,4,0,4,0,0,0,0,0,0,0,0,0,0,0,0,0
73,C,0,0,0,0,4,0,4,4,0,0,0,0,0,0,0,4,0,0,4,4,0,0,0,0,0,0
73,G,0,0,0,0,0,0,0,0,4,0,0,4,0,4,0,0,4,4,0,0,0,0,0,0,0,0
73,T,4,4,0,0,0,0,0,0,0,4,0,0,0,0,4,0,0,0,0,0,0,0,0,0,0,0
74,A,0,4,0,0,0,0,4,0,4,0,4,0,0,0,0,0,0,4,4,0,0,0,0,0,0,0
74,C,0,0,0,4,4,0,0,0,0,0,0,4,0,0,4,0,0,0,0,0,0,0,0,0,0,0
74,G,4,0,0,0,0,4,0,0,0,4,0,0,4,0,0,4,0,0,0,0,0,0,0,0,0,0
74,T,0,0,4,0,0,0,0,4,0,0,0,0,0,4,0,0,4,0,0,4,0,0,0,0,0,0
75,A,4,4,0,0,4,0,4,4,0,4,0,0,0,0,4,4,0,0,0,4,0,0,0,0,0,0
75,C,0,0,4,0,0,4,0,0,0,0,0,0,4,0,0,0,0,0,4,0,0,0,0,0,0,0
75,G,0,0,0,0,0,0,0,0,0,0,0,0,0,0,0,0,4,0,0,0,0,0,0,0,0,0
75,T,0,0,0,4,0,0,0,0,4,0,4,4,0,4,0,0,0,4,0,0,0,0,0,0,0,0
76,A,0,0,4,0,4,0,0,0,0,4,0,0,0,0,0,0,0,0,0,4,0,0,0,0,0,0
76,C,0,0,0,0,0,4,0,4,0,0,0,0,0,4,4,0,4,0,0,0,0,0,0,0,0,0
76,G,4,4,0,4,0,0,0,0,0,0,4,4,4,0,0,0,0,4,0,0,0,0,0,0,0,0
76,T,0,0,0,0,0,0,4,0,4,0,0,0,0,0,0,4,0,0,4,0,0,0,0,0,0,0
77,A,0,0,0,4,4,0,0,0,0,4,0,0,4,0,0,4,0,0,0,4,0,0,0,0,0,0
77,C,0,4,0,0,0,0,4,4,0,0,0,0,0,4,4,0,0,4,0,0,0,0,0,0,0,0
77,G,0,0,0,0,0,4,0,0,4,0,4,0,0,0,0,0,4,0,0,0,0,0,0,0,0,0
77,T,4,0,4,0,0,0,0,0,0,0,0,4,0,0,0,0,0,0,4,0,0,0,0,0,0,0
78,A,0,0,0,4,4,0,0,0,0,0,0,0,4,0,4,0,0,0,0,4,0,0,0,0,0,0
78,C,0,0,0,0,0,0,0,4,0,0,0,0,0,0,0,0,0,0,4,0,0,0,0,0,0,0
78,G,4,0,0,0,0,0,0,0,4,0,0,0,0,4,0,4,4,4,0,0,0,0,0,0,0,0
78,T,0,4,4,0,0,4,4,0,0,4,4,4,0,0,0,0,0,0,0,0,0,0,0,0,0,0
79,A,4,0,4,0,0,4,0,0,0,0,0,0,0,0,0,4,0,0,0,0,0,0,0,0,0,0
79,C,0,0,0,4,0,0,0,0,0,4,0,0,4,0,0,0,0,0,4,0,0,0,0,0,0,0
79,G,0,0,0,0,0,0,4,0,4,0,0,4,0,0,4,0,0,0,0,4,0,0,0,0,0,0
79,T,0,4,0,0,4,0,0,4,0,0,4,0,0,4,0,0,4,4,0,0,0,0,0,0,0,0
80,A,4,0,0,0,0,4,4,0,4,0,0,0,4,4,4,0,0,4,0,0,0,0,0,0,0,0
80,C,0,0,4,4,0,0,0,0,0,0,0,4,0,0,0,0,0,0,0,0,0,0,0,0,0,0
80,G,0,0,0,0,4,0,0,0,0,0,4,0,0,0,0,4,0,0,4,4,0,0,0,0,0,0
80,T,0,4,0,0,0,0,0,4,0,4,0,0,0,0,0,0,4,0,0,0,0,0,0,0,0,0
81,A,0,0,0,4,4,0,4,0,0,0,4,0,0,0,0,0,0,0,4,4,0,0,0,0,0,0
81,C,4,4,0,0,0,0,0,0,0,0,0,0,4,0,4,0,0,0,0,0,0,0,0,0,0,0
81,G,0,0,4,0,0,0,0,4,4,0,0,4,0,4,0,4,0,4,0,0,0,0,0,0,0,0
81,T,0,0,0,0,0,4,0,0,0,4,0,0,0,0,0,0,4,0,0,0,0,0,0,0,0,0
82,A,0,0,0,0,4,4,4,0,0,0,0,0,0,0,0,0,0,0,0,0,0,0,0,0,0,0
82,C,4,0,0,0,0,0,0,4,0,0,0,4,0,0,0,0,0,4,0,0,0,0,0,0,0,0
82,G,0,4,0,4,0,0,0,0,0,4,0,0,4,0,0,0,0,0,0,0,0,0,0,0,0,0
82,T,0,0,4,0,0,0,0,0,4,0,4,0,0,4,4,4,4,0,4,4,0,0,0,0,0,0
83,A,0,0,4,4,0,0,4,0,4,4,0,0,4,0,4,0,0,0,0,0,0,0,0,0,0,0
83,C,0,0,0,0,4,0,0,4,0,0,4,4,0,0,0,4,4,4,0,4,0,0,0,0,0,0
83,G,0,0,0,0,0,0,0,0,0,0,0,0,0,4,0,0,0,0,0,0,0,0,0,0,0,0
83,T,4,4,0,0,0,4,0,0,0,0,0,0,0,0,0,0,0,0,4,0,0,0,0,0,0,0
84,A,4,0,4,0,0,4,4,4,0,0,0,4,0,0,0,4,0,0,4,4,0,0,0,0,0,0
84,C,0,0,0,0,0,0,0,0,0,0,0,0,0,0,0,0,0,0,0,0,0,0,0,0,0,0
84,G,0,4,0,4,4,0,0,0,4,4,4,0,4,0,0,0,4,4,0,0,0,0,0,0,0,0
84,T,0,0,0,0,0,0,0,0,0,0,0,0,0,4,4,0,0,0,0,0,0,0,0,0,0,0
85,A,0,0,0,0,4,0,4,0,0,0,0,0,4,4,4,0,0,0,0,4,0,0,0,0,0,0
85,C,0,0,0,0,0,0,0,0,0,0,0,0,0,0,0,0,0,0,0,0,0,0,0,0,0,0
85,G,0,0,0,0,0,4,0,4,0,4,4,0,0,0,0,4,0,0,0,0,0,0,0,0,0,0
85,T,4,4,4,4,0,0,0,0,4,0,0,4,0,0,0,0,4,4,4,0,0,0,0,0,0,0
86,A,4,0,0,0,0,0,0,4,0,0,0,0,0,0,0,0,0,0,0,0,0,0,0,0,0,0
86,C,0,0,0,0,0,0,4,0,0,0,4,4,4,0,0,0,0,0,0,0,0,0,0,0,0,0
86,G,0,0,0,4,0,4,0,0,4,0,0,0,0,4,0,0,4,0,0,4,0,0,0,0,0,0
86,T,0,4,4,0,4,0,0,0,0,4,0,0,0,0,4,4,0,4,4,0,0,0,0,0,0,0
87,A,0,4,0,0,0,4,4,4,0,0,0,0,0,0,0,0,0,0,4,0,0,0,0,0,0,0
87,C,0,0,0,4,0,0,0,0,0,0,4,0,0,4,0,0,0,0,0,0,0,0,0,0,0,0
87,G,0,0,0,0,4,0,0,0,4,0,0,4,0,0,0,0,4,0,0,4,0,0,0,0,0,0
87,T,4,0,4,0,0,0,0,0,0,4,0,0,4,0,4,4,0,4,0,0,0,0,0,0,0,0
88,A,4,0,0,0,0,0,0,0,0,0,0,0,0,4,4,0,0,0,0,4,0,0,0,0,0,0
88,C,0,0,0,4,0,0,4,4,0,0,0,0,0,0,0,4,0,0,0,0,0,0,0,0,0,0
88,G,0,0,4,0,0,4,0,0,4,0,4,4,0,0,0,0,4,4,0,0,0,0,0,0,0,0
88,T,0,4,0,0,4,0,0,0,0,4,0,0,4,0,0,0,0,0,4,0,0,0,0,0,0,0
89,A,4,0,0,4,0,0,0,0,0,0,0,4,0,4,0,4,0,4,0,0,0,0,0,0,0,0
89,C,0,0,4,0,4,0,0,4,0,0,4,0,0,0,0,0,0,0,0,0,0,0,0,0,0,0
89,G,0,0,0,0,0,0,0,0,0,0,0,0,0,0,0,0,0,0,4,0,0,0,0,0,0,0
89,T,0,4,0,0,0,4,4,0,4,4,0,0,4,0,4,0,4,0,0,4,0,0,0,0,0,0
90,A,0,0,0,4,4,4,0,4,0,4,0,0,4,4,0,0,4,0,0,4,0,0,0,0,0,0
90,C,0,0,4,0,0,0,4,0,4,0,0,4,0,0,0,0,0,0,4,0,0,0,0,0,0,0
90,G,4,4,0,0,0,0,0,0,0,0,4,0,0,0,0,4,0,0,0,0,0,0,0,0,0,0
90,T,0,0,0,0,0,0,0,0,0,0,0,0,0,0,4,0,0,4,0,0,0,0,0,0,0,0
91,A,0,4,0,0,0,0,0,0,0,0,0,0,0,4,0,0,4,0,4,0,0,0,0,0,0,0
91,C,4,0,0,0,0,0,0,0,4,0,0,0,0,0,0,0,0,0,0,0,0,0,0,0,0,0
91,G,0,0,4,4,0,4,4,0,0,0,0,4,0,0,0,0,0,0,0,4,0,0,0,0,0,0
91,T,0,0,0,0,4,0,0,4,0,4,4,0,4,0,4,4,0,4,0,0,0,0,0,0,0,0
92,A,0,0,0,4,0,0,0,0,4,0,0,4,0,0,0,4,0,4,0,0,0,0,0,0,0,0
92,C,4,0,0,0,0,0,0,4,0,0,0,0,0,4,4,0,4,0,0,0,0,0,0,0,0,0
92,G,0,4,0,0,4,0,0,0,0,0,4,0,4,0,0,0,0,0,0,4,0,0,0,0,0,0
92,T,0,0,4,0,0,4,4,0,0,4,0,0,0,0,0,0,0,0,4,0,0,0,0,0,0,0
93,A,0,0,0,0,4,0,4,0,0,4,4,0,4,0,0,4,0,0,0,4,0,0,0,0,0,0
93,C,0,0,0,0,0,0,0,4,0,0,0,0,0,4,4,0,4,0,0,0,0,0,0,0,0,0
93,G,4,4,4,4,0,0,0,0,4,0,0,0,0,0,0,0,0,4,4,0,0,0,0,0,0,0
93,T,0,0,0,0,0,4,0,0,0,0,0,4,0,0,0,0,0,0,0,0,0,0,0,0,0,0
94,A,4,0,4,0,0,0,0,0,0,0,0,0,0,0,0,0,0,0,0,0,0,0,0,0,0,0
94,C,0,0,0,0,0,0,0,0,0,0,4,0,0,0,0,0,0,4,0,0,0,0,0,0,0,0
94,G,0,4,0,0,0,4,0,4,4,4,0,0,4,0,0,4,0,0,0,4,0,0,0,0,0,0
94,T,0,0,0,4,4,0,4,0,0,0,0,4,0,4,4,0,4,0,4,0,0,0,0,0,0,0
95,A,4,0,0,0,4,0,4,0,0,0,0,0,0,0,4,0,4,0,0,4,0,0,0,0,0,0
95,C,0,4,0,4,0,0,0,4,4,0,0,0,0,0,0,0,0,4,0,0,0,0,0,0,0,0
95,G,0,0,4,0,0,0,0,0,0,0,0,4,4,0,0,0,0,0,4,0,0,0,0,0,0,0
95,T,0,0,0,0,0,4,0,0,0,4,4,0,0,4,0,4,0,0,0,0,0,0,0,0,0,0
96,A,4,0,4,4,4,4,0,4,0,0,0,0,4,4,4,0,0,4,0,4,0,0,0,0,0,0
96,C,0,0,0,0,0,0,0,0,0,0,4,0,0,0,0,0,4,0,0,0,0,0,0,0,0,0
96,G,0,4,0,0,0,0,0,0,0,4,0,0,0,0,0,0,0,0,4,0,0,0,0,0,0,0
96,T,0,0,0,0,0,0,4,0,4,0,0,4,0,0,0,4,0,0,0,0,0,0,0,0,0,0
97,A,0,0,0,0,0,0,0,0,0,0,0,0,4,0,0,0,0,0,0,0,0,0,0,0,0,0
97,C,0,0,0,0,4,0,0,4,0,0,0,0,0,0,4,0,0,0,0,0,0,0,0,0,0,0
97,G,4,0,0,0,0,0,4,0,0,0,0,4,0,0,0,4,0,0,4,0,0,0,0,0,0,0
97,T,0,4,4,4,0,4,0,0,4,4,4,0,0,4,0,0,4,4,0,4,0,0,0,0,0,0
98,A,0,0,0,4,0,0,0,0,0,0,0,0,0,0,0,0,0,0,0,4,0,0,0,0,0,0
98,C,0,4,0,0,0,0,0,0,4,0,0,0,0,0,0,0,4,0,0,0,0,0,0,0,0,0
98,G,0,0,0,0,0,0,0,4,0,0,4,0,0,0,4,0,0,4,0,0,0,0,0,0,0,0
98,T,4,0,4,0,4,4,4,0,0,4,0,4,4,4,0,4,0,0,4,0,0,0,0,0,0,0
99,A,4,0,0,0,0,4,0,4,0,0,0,0,0,0,4,0,0,0,0,0,0,0,0,0,0,0
99,C,0,0,4,0,0,0,4,0,4,0,0,0,4,0,0,4,0,0,0,0,0,0,0,0,0,0
99,G,0,0,0,4,4,0,0,0,0,0,0,0,0,4,0,0,4,4,0,0,0,0,0,0,0,0
99,T,0,4,0,0,0,0,0,0,0,4,4,4,0,0,0,0,0,0,4,4,0,0,0,0,0,0
100,A,4,0,0,4,0,0,0,0,4,4,0,0,4,0,0,0,0,0,0,0,0,0,0,0,0,0
100,C,0,0,0,0,0,4,0,4,0,0,0,0,0,0,0,0,0,0,0,0,0,0,0,0,0,0
100,G,0,0,0,0,0,0,4,0,0,0,4,4,0,4,4,0,0,4,0,0,0,0,0,0,0,0
100,T,0,4,4,0,4,0,0,0,0,0,0,0,0,0,0,4,4,0,4,4,0,0,0,0,0,0
101,A,4,0,4,4,4,0,0,4,0,0,0,4,0,4,4,0,0,0,0,0,0,0,0,0,0,0
101,C,0,0,0,0,0,0,0,0,0,0,0,0,0,0,0,4,0,4,4,0,0,0,0,0,0,0
101,G,0,4,0,0,0,0,0,0,4,4,0,0,4,0,0,0,4,0,0,4,0,0,0,0,0,0
101,T,0,0,0,0,0,4,4,0,0,0,4,0,0,0,0,0,0,0,0,0,0,0,0,0,0,0
102,A,0,4,0,4,4,0,4,0,4,4,0,4,0,0,0,4,0,0,0,0,0,0,0,0,0,0
102,C,0,0,0,0,0,0,0,0,0,0,4,0,0,4,4,0,0,0,0,0,0,0,0,0,0,0
102,G,0,0,4,0,0,0,0,0,0,0,0,0,0,0,0,0,0,0,4,4,0,0,0,0,0,0
102,T,4,0,0,0,0,4,0,4,0,0,0,0,4,0,0,0,4,4,0,0,0,0,0,0,0,0
103,A,0,0,4,4,0,4,0,0,4,4,0,0,4,0,4,4,0,0,0,4,0,0,0,0,0,0
103,C,0,0,0,0,0,0,0,0,0,0,0,0,0,0,0,0,0,0,0,0,0,0,0,0,0,0
103,G,0,4,0,0,4,0,4,0,0,0,0,0,0,4,0,0,4,0,4,0,0,0,0,0,0,0
103,T,4,0,0,0,0,0,0,4,0,0,4,4,0,0,0,0,0,4,0,0,0,0,0,0,0,0
104,A,0,0,4,0,0,0,4,0,0,4,4,4,0,0,0,0,0,0,0,0,0,0,0,0,0,0
104,C,4,0,0,4,0,4,0,0,0,0,0,0,0,0,0,0,0,0,0,0,0,0,0,0,0,0
104,G,0,0,0,0,0,0,0,0,0,0,0,0,0,0,0,4,4,4,0,4,0,0,0,0,0,0
104,T,0,4,0,0,4,0,0,4,4,0,0,0,4,4,4,0,0,0,4,0,0,0,0,0,0,0
105,A,0,4,0,0,4,0,0,0,0,4,0,0,0,0,0,4,0,0,0,4,0,0,0,0,0,0
105,C,0,0,0,0,0,4,4,0,0,0,0,0,4,4,0,0,4,0,0,0,0,0,0,0,0,0
105,G,4,0,0,4,0,0,0,4,0,0,0,4,0,0,0,0,0,0,0,0,0,0,0,0,0,0
105,T,0,0,4,0,0,0,0,0,4,0,4,0,0,0,4,0,0,4,4,0,0,0,0,0,0,0
106,A,0,4,0,4,0,0,0,0,4,0,0,4,4,4,4,0,4,4,4,0,0,0,0,0,0,0
106,C,0,0,0,0,0,0,0,0,0,4,0,0,0,0,0,0,0,0,0,0,0,0,0,0,0,0
106,G,0,0,0,0,4,0,4,0,0,0,0,0,0,0,0,4,0,0,0,4,0,0,0,0,0,0
106,T,4,0,4,0,0,4,0,4,0,0,4,0,0,0,0,0,0,0,0,0,0,0,0,0,0,0
107,A,4,4,0,0,0,0,0,0,4,0,0,0,0,0,4,4,0,4,4,4,0,0,0,0,0,0
107,C,0,0,4,4,0,0,4,0,0,0,0,4,0,0,0,0,0,0,0,0,0,0,0,0,0,0
107,G,0,0,0,0,0,0,0,0,0,4,0,0,0,4,0,0,0,0,0,0,0,0,0,0,0,0
107,T,0,0,0,0,4,4,0,4,0,0,4,0,4,0,0,0,4,0,0,0,0,0,0,0,0,0
108,A,0,4,4,0,4,0,0,0,0,4,0,0,0,0,0,0,0,4,0,0,0,0,0,0,0,0
108,C,0,0,0,0,0,0,0,4,0,0,4,0,0,4,0,0,4,0,0,0,0,0,0,0,0,0
108,G,4,0,0,0,0,0,4,0,4,0,0,0,0,0,0,0,0,0,0,0,0,0,0,0,0,0
108,T,0,0,0,4,0,4,0,0,0,0,0,4,4,0,4,4,0,0,4,4,0,0,0,0,0,0
109,A,0,0,0,0,0,0,0,0,0,0,0,0,4,0,4,0,0,4,0,4,0,0,0,0,0,0
109,C,0,0,4,4,4,0,0,0,0,0,0,0,0,4,0,0,0,0,0,0,0,0,0,0,0,0
109,G,0,4,0,0,0,4,0,0,0,0,0,4,0,0,0,4,4,0,0,0,0,0,0,0,0,0
109,T,4,0,0,0,0,0,4,4,4,4,4,0,0,0,0,0,0,0,4,0,0,0,0,0,0,0
110,A,0,4,4,0,0,4,4,4,0,0,0,4,0,0,0,0,0,0,4,0,0,0,0,0,0,0
110,C,0,0,0,0,0,0,0,0,0,4,0,0,4,0,0,0,0,0,0,0,0,0,0,0,0,0
110,G,0,0,0,0,0,0,0,0,0,0,0,0,0,0,4,4,0,0,0,0,0,0,0,0,0,0
110,T,4,0,0,4,4,0,0,0,4,0,4,0,0,4,0,0,4,4,0,4,0,0,0,0,0,0
111,A,0,0,0,0,0,0,0,0,0,0,4,4,4,0,4,0,4,0,0,4,0,0,0,0,0,0
111,C,0,0,0,0,0,4,0,0,0,4,0,0,0,4,0,0,0,0,0,0,0,0,0,0,0,0
111,G,4,0,0,4,0,0,0,4,4,0,0,0,0,0,0,0,0,0,4,0,0,0,0,0,0,0
111,T,0,4,4,0,4,0,4,0,0,0,0,0,0,0,0,4,0,4,0,0,0,0,0,0,0,0
112,A,0,0,4,0,4,0,0,0,4,0,4,4,0,0,0,0,0,4,0,0,0,0,0,0,0,0
112,C,0,4,0,4,0,0,0,0,0,0,0,0,4,0,0,0,0,0,0,4,0,0,0,0,0,0
112,G,4,0,0,0,0,0,4,4,0,4,0,0,0,0,0,4,4,0,0,0,0,0,0,0,0,0
112,T,0,0,0,0,0,4,0,0,0,0,0,0,0,4,4,0,0,0,4,0,0,0,0,0,0,0
113,A,0,0,0,0,4,4,0,4,0,4,0,0,4,4,4,0,0,4,0,0,0,0,0,0,0,0
113,C,4,4,0,0,0,0,0,0,0,0,0,0,0,0,0,0,4,0,4,0,0,0,0,0,0,0
113,G,0,0,4,0,0,0,0,0,4,0,4,4,0,0,0,4,0,0,0,0,0,0,0,0,0,0
113,T,0,0,0,4,0,0,4,0,0,0,0,0,0,0,0,0,0,0,0,4,0,0,0,0,0,0
114,A,4,4,4,4,4,0,4,0,0,4,0,0,0,0,0,0,4,0,0,0,0,0,0,0,0,0
114,C,0,0,0,0,0,4,0,0,0,0,0,0,4,4,0,0,0,0,4,0,0,0,0,0,0,0
114,G,0,0,0,0,0,0,0,0,0,0,0,4,0,0,0,4,0,0,0,0,0,0,0,0,0,0
114,T,0,0,0,0,0,0,0,4,4,0,4,0,0,0,4,0,0,4,0,4,0,0,0,0,0,0
115,A,0,0,0,4,4,0,0,4,0,0,0,0,0,0,0,0,0,0,0,0,0,0,0,0,0,0
115,C,0,0,0,0,0,0,0,0,4,0,0,0,0,0,0,0,0,0,0,0,0,0,0,0,0,0
115,G,4,4,4,0,0,4,4,0,0,4,4,0,0,0,0,0,0,4,4,4,0,0,0,0,0,0
115,T,0,0,0,0,0,0,0,0,0,0,0,4,4,4,4,4,4,0,0,0,0,0,0,0,0,0
116,A,0,4,0,4,4,0,0,0,0,0,0,4,0,0,4,0,0,0,0,4,0,0,0,0,0,0
116,C,0,0,0,0,0,0,0,0,0,0,0,0,4,0,0,4,0,0,0,0,0,0,0,0,0,0
116,G,4,0,0,0,0,0,4,4,0,0,4,0,0,0,0,0,0,0,0,0,0,0,0,0,0,0
116,T,0,0,4,0,0,4,0,0,4,4,0,0,0,4,0,0,4,4,4,0,0,0,0,0,0,0
117,A,0,0,0,0,0,0,0,0,0,4,4,0,0,0,0,0,0,0,0,0,0,0,0,0,0,0
117,C,0,4,0,0,0,0,0,0,0,0,0,4,0,4,0,4,4,0,0,4,0,0,0,0,0,0
117,G,4,0,4,0,0,4,4,0,0,0,0,0,0,0,0,0,0,4,0,0,0,0,0,0,0,0
117,T,0,0,0,4,4,0,0,4,4,0,0,0,4,0,4,0,0,0,4,0,0,0,0,0,0,0
118,A,0,0,4,0,0,0,0,0,0,0,0,4,0,4,0,4,4,0,0,0,0,0,0,0,0,0
118,C,0,0,0,0,0,4,0,0,4,0,4,0,0,0,0,0,0,4,0,0,0,0,0,0,0,0
118,G,0,0,0,0,0,0,4,0,0,4,0,0,0,0,0,0,0,0,0,4,0,0,0,0,0,0
118,T,4,4,0,4,4,0,0,4,0,0,0,0,4,0,4,0,0,0,4,0,0,0,0,0,0,0
119,A,4,4,0,0,0,0,4,0,0,0,0,0,4,4,4,0,0,0,0,4,0,0,0,0,0,0
119,C,0,0,4,4,0,0,0,0,0,4,0,0,0,0,0,0,0,0,0,0,0,0,0,0,0,0
119,G,0,0,0,0,4,4,0,0,4,0,0,0,0,0,0,0,0,4,4,0,0,0,0,0,0,0
119,T,0,0,0,0,0,0,0,4,0,0,4,4,0,0,0,4,4,0,0,0,0,0,0,0,0,0
120,A,4,4,4,4,0,0,4,0,4,0,0,0,0,0,0,0,4,0,0,0,0,0,0,0,0,0
120,C,0,0,0,0,4,0,0,0,0,0,0,0,0,0,4,0,0,0,0,0,0,0,0,0,0,0
120,G,0,0,0,0,0,0,0,4,0,4,4,0,0,4,0,4,0,0,4,0,0,0,0,0,0,0
120,T,0,0,0,0,0,4,0,0,0,0,0,4,4,0,0,0,0,4,0,4,0,0,0,0,0,0
121,A,0,0,0,0,0,0,0,0,4,0,0,4,0,0,4,0,0,0,0,0,0,0,0,0,0,0
121,C,0,0,0,0,0,0,0,4,0,4,0,0,4,0,0,0,4,0,4,0,0,0,0,0,0,0
121,G,0,4,0,0,0,0,0,0,0,0,0,0,0,4,0,4,0,4,0,0,0,0,0,0,0,0
121,T,4,0,4,4,4,4,4,0,0,0,4,0,0,0,0,0,0,0,0,4,0,0,0,0,0,0
122,A,0,0,0,0,0,0,0,0,4,0,0,0,0,0,0,0,0,0,0,0,0,0,0,0,0,0
122,C,0,0,0,0,0,4,0,0,0,0,0,4,0,4,0,0,0,4,0,4,0,0,0,0,0,0
122,G,4,4,4,0,4,0,0,0,0,4,4,0,4,0,4,4,4,0,4,0,0,0,0,0,0,0
122,T,0,0,0,4,0,0,4,4,0,0,0,0,0,0,0,0,0,0,0,0,0,0,0,0,0,0
123,A,0,0,0,4,0,0,0,0,0,0,0,4,0,0,0,0,0,0,4,0,0,0,0,0,0,0
123,C,4,0,0,0,0,0,4,4,0,4,4,0,0,0,0,0,0,4,0,4,0,0,0,0,0,0
123,G,0,0,0,0,0,0,0,0,0,0,0,0,4,0,4,0,4,0,0,0,0,0,0,0,0,0
123,T,0,4,4,0,4,4,0,0,4,0,0,0,0,4,0,4,0,0,0,0,0,0,0,0,0,0
124,A,4,0,0,0,4,0,0,0,0,0,0,4,0,0,0,0,4,0,0,4,0,0,0,0,0,0
124,C,0,0,0,0,0,0,4,0,0,0,0,0,0,4,4,0,0,0,0,0,0,0,0,0,0,0
124,G,0,0,0,0,0,0,0,0,0,4,4,0,0,0,0,4,0,4,4,0,0,0,0,0,0,0
124,T,0,4,4,4,0,4,0,4,4,0,0,0,4,0,0,0,0,0,0,0,0,0,0,0,0,0
125,A,0,4,0,4,0,4,0,0,4,0,0,0,0,0,0,0,0,0,0,4,0,0,0,0,0,0
125,C,0,0,4,0,0,0,0,4,0,0,0,4,0,4,0,0,4,0,0,0,0,0,0,0,0,0
125,G,0,0,0,0,4,0,0,0,0,0,0,0,4,0,4,4,0,4,0,0,0,0,0,0,0,0
125,T,4,0,0,0,0,0,4,0,0,4,4,0,0,0,0,0,0,0,4,0,0,0,0,0,0,0
126,A,0,0,0,0,4,0,0,4,0,0,0,0,0,0,0,0,4,4,4,0,0,0,0,0,0,0
126,C,0,4,0,0,0,4,0,0,0,0,4,0,0,0,0,0,0,0,0,0,0,0,0,0,0,0
126,G,4,0,4,0,0,0,4,0,0,4,0,0,4,0,0,0,0,0,0,0,0,0,0,0,0,0
126,T,0,0,0,4,0,0,0,0,4,0,0,4,0,4,4,4,0,0,0,4,0,0,0,0,0,0
127,A,4,4,0,4,0,0,0,4,0,0,0,4,4,4,4,0,0,0,4,0,0,0,0,0,0,0
127,C,0,0,0,0,4,4,0,0,0,0,0,0,0,0,0,0,4,4,0,4,0,0,0,0,0,0
127,G,0,0,0,0,0,0,0,0,0,4,4,0,0,0,0,0,0,0,0,0,0,0,0,0,0,0
127,T,0,0,4,0,0,0,4,0,4,0,0,0,0,0,0,4,0,0,0,0,0,0,0,0,0,0
128,A,0,0,0,0,4,0,4,0,0,0,0,0,0,0,4,4,0,0,4,4,0,0,0,0,0,0
128,C,0,0,0,0,0,4,0,4,0,4,4,0,0,0,0,0,0,0,0,0,0,0,0,0,0,0
128,G,0,4,4,4,0,0,0,0,4,0,0,0,4,0,0,0,4,0,0,0,0,0,0,0,0,0
128,T,4,0,0,0,0,0,0,0,0,0,0,4,0,4,0,0,0,4,0,0,0,0,0,0,0,0
129,A,0,0,0,0,0,4,0,4,0,0,0,0,0,0,0,0,0,4,0,4,0,0,0,0,0,0
129,C,4,4,0,0,0,0,0,0,0,0,0,0,0,4,0,4,4,0,0,0,0,0,0,0,0,0
129,G,0,0,0,4,4,0,0,0,4,4,4,4,4,0,0,0,0,0,4,0,0,0,0,0,0,0
129,T,0,0,4,0,0,0,4,0,0,0,0,0,0,0,4,0,0,0,0,0,0,0,0,0,0,0
130,A,0,0,0,0,0,0,0,0,0,4,4,0,0,0,0,0,4,4,0,0,0,0,0,0,0,0
130,C,4,0,4,0,0,0,4,0,0,0,0,4,0,0,4,0,0,0,4,0,0,0,0,0,0,0
130,G,0,0,0,0,0,4,0,0,4,0,0,0,0,4,0,4,0,0,0,0,0,0,0,0,0,0
130,T,0,4,0,4,4,0,0,4,0,0,0,0,4,0,0,0,0,0,0,4,0,0,0,0,0,0
131,A,0,0,0,0,4,0,0,0,4,0,0,4,0,0,0,0,0,4,0,0,0,0,0,0,0,0
131,C,0,0,4,0,0,0,0,0,0,0,4,0,0,0,0,4,0,0,0,0,0,0,0,0,0,0
131,G,0,0,0,4,0,0,0,4,0,4,0,0,4,0,4,0,0,0,0,0,0,0,0,0,0,0
131,T,4,4,0,0,0,4,4,0,0,0,0,0,0,4,0,0,4,0,4,4,0,0,0,0,0,0
132,A,0,0,0,4,0,0,0,0,0,4,0,0,0,4,0,0,0,0,0,4,0,0,0,0,0,0
132,C,0,0,4,0,0,0,0,0,0,0,0,0,4,0,0,0,0,0,0,0,0,0,0,0,0,0
132,G,0,0,0,0,0,0,4,4,0,0,0,0,0,0,0,0,4,4,0,0,0,0,0,0,0,0
132,T,4,4,0,0,4,4,0,0,4,0,4,4,0,0,4,4,0,0,4,0,0,0,0,0,0,0
133,A,0,0,0,0,0,0,0,0,4,0,4,0,0,0,4,0,4,4,4,0,0,0,0,0,0,0
133,C,0,0,0,0,4,0,0,0,0,4,0,4,4,0,0,0,0,0,0,4,0,0,0,0,0,0
133,G,4,4,0,0,0,0,0,4,0,0,0,0,0,4,0,0,0,0,0,0,0,0,0,0,0,0
133,T,0,0,4,4,0,4,4,0,0,0,0,0,0,0,0,4,0,0,0,0,0,0,0,0,0,0
134,A,0,0,4,0,0,0,4,0,0,0,0,4,0,4,0,0,4,0,0,0,0,0,0,0,0,0
134,C,4,4,0,0,0,4,0,4,0,0,0,0,0,0,4,0,0,0,0,0,0,0,0,0,0,0
134,G,0,0,0,4,4,0,0,0,0,4,0,0,0,0,0,0,0,4,0,0,0,0,0,0,0,0
134,T,0,0,0,0,0,0,0,0,4,0,4,0,4,0,0,4,0,0,4,4,0,0,0,0,0,0
135,A,0,0,0,4,0,0,0,0,0,0,0,0,0,0,4,4,4,4,0,0,0,0,0,0,0,0
135,C,0,0,4,0,4,0,4,0,0,0,0,0,0,0,0,0,0,0,0,0,0,0,0,0,0,0
135,G,0,4,0,0,0,0,0,0,4,4,4,0,4,0,0,0,0,0,4,4,0,0,0,0,0,0
135,T,4,0,0,0,0,4,0,4,0,0,0,4,0,4,0,0,0,0,0,0,0,0,0,0,0,0
136,A,0,0,0,0,4,0,0,0,0,0,4,0,0,0,0,0,0,0,0,0,0,0,0,0,0,0
136,C,0,4,0,0,0,0,0,4,0,4,0,0,0,0,0,0,0,4,4,4,0,0,0,0,0,0
136,G,4,0,0,4,0,4,0,0,4,0,0,0,0,4,0,4,0,0,0,0,0,0,0,0,0,0
136,T,0,0,4,0,0,0,4,0,0,0,0,4,4,0,4,0,4,0,0,0,0,0,0,0,0,0
137,A,0,4,0,0,0,4,0,0,0,4,4,4,4,0,0,0,4,0,0,0,0,0,0,0,0,0
137,C,0,0,0,0,4,0,4,0,4,0,0,0,0,4,0,4,0,0,0,0,0,0,0,0,0,0
137,G,4,0,4,4,0,0,0,4,0,0,0,0,0,0,0,0,0,0,0,4,0,0,0,0,0,0
137,T,0,0,0,0,0,0,0,0,0,0,0,0,0,0,4,0,0,4,4,0,0,0,0,0,0,0
138,A,0,0,4,4,4,0,0,0,0,4,0,0,0,0,0,0,4,0,0,4,0,0,0,0,0,0
138,C,0,0,0,0,0,0,0,0,0,0,0,0,0,0,0,4,0,4,0,0,0,0,0,0,0,0
138,G,0,4,0,0,0,0,0,4,4,0,0,0,4,4,0,0,0,0,4,0,0,0,0,0,0,0
138,T,4,0,0,0,0,4,4,0,0,0,4,4,0,0,4,0,0,0,0,0,0,0,0,0,0,0
139,A,0,4,0,0,0,4,4,0,4,0,0,4,4,0,0,4,0,0,0,4,0,0,0,0,0,0
139,C,0,0,0,0,4,0,0,4,0,0,0,0,0,4,0,0,0,0,4,0,0,0,0,0,0,0
139,G,4,0,4,0,0,0,0,0,0,4,0,0,0,0,0,0,4,0,0,0,0,0,0,0,0,0
139,T,0,0,0,4,0,0,0,0,0,0,4,0,0,0,4,0,0,4,0,0,0,0,0,0,0,0
140,A,0,4,0,0,4,0,0,4,0,0,0,0,0,4,0,0,0,0,0,0,0,0,0,0,0,0
140,C,4,0,0,0,0,4,0,0,0,0,0,0,0,0,0,4,4,4,0,4,0,0,0,0,0,0
140,G,0,0,4,4,0,0,4,0,0,0,4,4,4,0,4,0,0,0,0,0,0,0,0,0,0,0
140,T,0,0,0,0,0,0,0,0,4,4,0,0,0,0,0,0,0,0,4,0,0,0,0,0,0,0
141,A,4,4,0,0,4,4,0,0,0,4,4,4,0,0,4,0,4,4,0,0,0,0,0,0,0,0
141,C,0,0,0,0,0,0,0,0,4,0,0,0,0,0,0,0,0,0,0,0,0,0,0,0,0,0
141,G,0,0,4,4,0,0,0,0,0,0,0,0,4,0,0,0,0,0,4,0,0,0,0,0,0,0
141,T,0,0,0,0,0,0,4,4,0,0,0,0,0,4,0,4,0,0,0,4,0,0,0,0,0,0
142,A,0,4,0,0,0,0,0,0,0,0,4,0,0,0,0,0,0,0,4,0,0,0,0,0,0,0
142,C,0,0,0,0,4,0,0,0,0,0,0,0,0,0,4,0,4,0,0,0,0,0,0,0,0,0
142,G,0,0,4,4,0,0,0,0,4,0,0,4,0,4,0,0,0,0,0,4,0,0,0,0,0,0
142,T,4,0,0,0,0,4,4,4,0,4,0,0,4,0,0,4,0,4,0,0,0,0,0,0,0,0
143,A,4,0,0,0,0,0,0,0,0,0,4,0,0,0,4,4,4,4,0,0,0,0,0,0,0,0
143,C,0,4,0,0,0,0,4,4,0,4,0,0,0,0,0,0,0,0,4,0,0,0,0,0,0,0
143,G,0,0,4,4,0,0,0,0,4,0,0,0,4,0,0,0,0,0,0,4,0,0,0,0,0,0
143,T,0,0,0,0,4,4,0,0,0,0,0,4,0,4,0,0,0,0,0,0,0,0,0,0,0,0
144,A,0,4,0,4,4,0,0,0,4,4,0,0,0,4,0,0,4,4,4,4,0,0,0,0,0,0
144,C,4,0,0,0,0,0,0,4,0,0,4,4,4,0,0,0,0,0,0,0,0,0,0,0,0,0
144,G,0,0,0,0,0,0,0,0,0,0,0,0,0,0,0,0,0,0,0,0,0,0,0,0,0,0
144,T,0,0,4,0,0,4,4,0,0,0,0,0,0,0,4,4,0,0,0,0,0,0,0,0,0,0
145,A,0,0,0,0,0,0,0,0,0,0,0,4,0,0,0,0,0,0,4,0,0,0,0,0,0,0
145,C,0,0,0,0,0,0,4,0,0,4,4,0,4,0,0,0,0,0,0,0,0,0,0,0,0,0
145,G,0,0,0,4,0,0,0,0,4,0,0,0,0,4,0,4,0,4,0,0,0,0,0,0,0,0
145,T,4,4,4,0,4,4,0,4,0,0,0,0,0,0,4,0,4,0,0,4,0,0,0,0,0,0
146,A,4,0,4,0,4,0,0,0,0,4,0,4,0,0,0,0,0,0,4,0,0,0,0,0,0,0
146,C,0,0,0,4,0,4,4,0,0,0,0,0,4,0,0,4,0,4,0,4,0,0,0,0,0,0
146,G,0,0,0,0,0,0,0,0,0,0,0,0,0,4,4,0,0,0,0,0,0,0,0,0,0,0
146,T,0,4,0,0,0,0,0,4,4,0,4,0,0,0,0,0,4,0,0,0,0,0,0,0,0,0
147,A,0,4,4,0,0,4,0,0,0,0,4,0,0,0,0,0,0,4,0,0,0,0,0,0,0,0
147,C,0,0,0,0,0,0,0,0,4,0,0,0,0,4,0,0,0,0,4,0,0,0,0,0,0,0
147,G,0,0,0,0,4,0,0,0,0,0,0,4,0,0,4,0,0,0,0,0,0,0,0,0,0,0
147,T,4,0,0,4,0,0,4,4,0,4,0,0,4,0,0,4,4,0,0,4,0,0,0,0,0,0
148,A,4,0,0,4,0,4,0,0,0,0,0,0,0,0,4,0,4,0,0,4,0,0,0,0,0,0
148,C,0,0,0,0,0,0,4,0,0,0,0,0,4,0,0,0,0,4,4,0,0,0,0,0,0,0
148,G,0,0,0,0,0,0,0,0,0,0,4,4,0,4,0,0,0,0,0,0,0,0,0,0,0,0
148,T,0,4,4,0,4,0,0,4,4,4,0,0,0,0,0,4,0,0,0,0,0,0,0,0,0,0
149,A,0,0,4,0,0,4,0,0,0,0,0,0,4,0,0,4,4,0,0,0,0,0,0,0,0,0
149,C,4,0,0,0,0,0,0,4,0,4,0,0,0,4,0,0,0,0,0,0,0,0,0,0,0,0
149,G,0,0,0,0,4,0,4,0,0,0,4,4,0,0,0,0,0,4,4,0,0,0,0,0,0,0
149,T,0,4,0,4,0,0,0,0,4,0,0,0,0,0,4,0,0,0,0,4,0,0,0,0,0,0
150,A,4,0,4,0,0,4,0,0,0,0,0,0,4,0,0,0,4,4,4,0,0,0,0,0,0,0
150,C,0,4,0,0,4,0,0,4,0,4,4,0,0,4,0,0,0,0,0,0,0,0,0,0,0,0
150,G,0,0,0,4,0,0,4,0,4,0,0,0,0,0,0,4,0,0,0,0,0,0,0,0,0,0
150,T,0,0,0,0,0,0,0,0,0,0,0,4,0,0,4,0,0,0,0,4,0,0,0,0,0,0
151,A,0,0,0,4,0,0,4,0,4,0,0,0,0,0,0,0,0,0,0,4,0,0,0,0,0,0
151,C,0,0,4,0,0,4,0,0,0,4,0,0,0,0,0,0,0,0,4,0,0,0,0,0,0,0
151,G,0,0,0,0,4,0,0,0,0,0,4,4,0,4,4,0,4,0,0,0,0,0,0,0,0,0
151,T,4,4,0,0,0,0,0,4,0,0,0,0,4,0,0,4,0,4,0,0,0,0,0,0,0,0
152,A,4,0,0,4,0,0,4,0,0,0,0,0,0,0,0,4,0,4,0,4,0,0,0,0,0,0
152,C,0,0,0,0,0,4,0,0,4,0,0,0,0,0,4,0,0,0,4,0,0,0,0,0,0,0
152,G,0,4,4,0,0,0,0,0,0,0,0,0,4,0,0,0,0,0,0,0,0,0,0,0,0,0
152,T,0,0,0,0,4,0,0,4,0,4,4,4,0,4,0,0,4,0,0,0,0,0,0,0,0,0
153,A,4,0,0,0,4,0,0,0,0,0,4,4,0,0,0,0,0,4,0,0,0,0,0,0,0,0
153,C,0,0,4,0,0,0,0,0,0,0,0,0,0,0,0,0,4,0,0,0,0,0,0,0,0,0
153,G,0,4,0,0,0,0,4,0,4,4,0,0,0,0,0,4,0,0,0,0,0,0,0,0,0,0
153,T,0,0,0,4,0,4,0,4,0,0,0,0,4,4,4,0,0,0,4,4,0,0,0,0,0,0
154,A,0,0,0,4,0,0,4,0,0,4,0,4,0,4,0,0,0,0,4,0,0,0,0,0,0,0
154,C,0,0,0,0,0,0,0,0,4,0,4,0,0,0,0,0,0,4,0,0,0,0,0,0,0,0
154,G,0,0,0,0,0,4,0,0,0,0,0,0,4,0,0,4,4,0,0,4,0,0,0,0,0,0
154,T,4,4,4,0,4,0,0,4,0,0,0,0,0,0,4,0,0,0,0,0,0,0,0,0,0,0
155,A,0,0,0,0,0,4,0,4,4,0,0,0,0,0,0,0,0,0,4,0,0,0,0,0,0,0
155,C,4,0,0,0,0,0,4,0,0,0,0,0,4,0,4,4,0,0,0,4,0,0,0,0,0,0
155,G,0,0,0,0,0,0,0,0,0,4,4,0,0,0,0,0,4,4,0,0,0,0,0,0,0,0
155,T,0,4,4,4,4,0,0,0,0,0,0,4,0,4,0,0,0,0,0,0,0,0,0,0,0,0
156,A,4,0,4,4,0,0,4,0,0,4,0,0,0,4,0,0,0,0,0,4,0,0,0,0,0,0
156,C,0,0,0,0,0,0,0,4,0,0,0,4,0,0,0,0,0,0,0,0,0,0,0,0,0,0
156,G,0,0,0,0,0,0,0,0,4,0,4,0,0,0,4,0,4,4,0,0,0,0,0,0,0,0
156,T,0,4,0,0,4,4,0,0,0,0,0,0,4,0,0,4,0,0,4,0,0,0,0,0,0,0
157,A,0,4,4,0,0,0,0,0,0,0,4,0,0,0,4,0,4,0,0,4,0,0,0,0,0,0
157,C,4,0,0,0,0,0,0,0,0,0,0,0,0,0,0,0,0,0,0,0,0,0,0,0,0,0
157,G,0,0,0,4,0,0,0,4,0,0,0,0,0,0,0,4,0,0,0,0,0,0,0,0,0,0
157,T,0,0,0,0,4,4,4,0,4,4,0,4,4,4,0,0,0,4,4,0,0,0,0,0,0,0
158,A,4,4,0,0,0,0,4,0,0,0,0,0,4,4,0,4,0,0,0,0,0,0,0,0,0,0
158,C,0,0,0,0,4,0,0,0,4,4,0,0,0,0,0,0,4,0,0,0,0,0,0,0,0,0
158,G,0,0,4,0,0,0,0,0,0,0,4,0,0,0,4,0,0,4,4,4,0,0,0,0,0,0
158,T,0,0,0,4,0,4,0,4,0,0,0,4,0,0,0,0,0,0,0,0,0,0,0,0,0,0
159,A,0,0,0,4,0,0,4,0,0,4,0,0,0,0,0,0,0,0,0,4,0,0,0,0,0,0
159,C,0,0,0,0,0,0,0,4,4,0,4,0,0,0,4,0,0,4,4,0,0,0,0,0,0,0
159,G,0,0,0,0,4,0,0,0,0,0,0,4,0,0,0,0,0,0,0,0,0,0,0,0,0,0
159,T,4,4,4,0,0,4,0,0,0,0,0,0,4,4,0,4,4,0,0,0,0,0,0,0,0,0
160,A,0,0,4,0,0,4,0,4,0,0,0,0,4,4,0,4,0,4,0,0,0,0,0,0,0,0
160,C,0,0,0,0,0,0,0,0,0,0,0,0,0,0,0,0,0,0,0,0,0,0,0,0,0,0
160,G,0,4,0,0,4,0,4,0,0,4,4,4,0,0,4,0,0,0,4,0,0,0,0,0,0,0
160,T,4,0,0,4,0,0,0,0,4,0,0,0,0,0,0,0,4,0,0,4,0,0,0,0,0,0
161,A,0,0,0,0,0,0,4,4,0,0,4,0,0,0,0,0,0,0,4,4,0,0,0,0,0,0
161,C,0,0,0,0,4,4,0,0,4,4,0,0,0,4,0,4,0,4,0,0,0,0,0,0,0,0
161,G,4,4,0,4,0,0,0,0,0,0,0,0,0,0,0,0,4,0,0,0,0,0,0,0,0,0
161,T,0,0,4,0,0,0,0,0,0,0,0,4,4,0,4,0,0,0,0,0,0,0,0,0,0,0
162,A,0,0,0,0,0,0,0,0,0,0,4,0,0,0,4,0,0,0,4,4,0,0,0,0,0,0
162,C,4,0,0,4,0,0,0,0,0,0,0,0,4,0,0,4,0,0,0,0,0,0,0,0,0,0
162,G,0,0,4,0,0,0,0,0,4,0,0,0,0,4,0,0,4,4,0,0,0,0,0,0,0,0
162,T,0,4,0,0,4,4,4,4,0,4,0,4,0,0,0,0,0,0,0,0,0,0,0,0,0,0
163,A,0,0,0,4,4,4,4,0,0,0,0,0,0,4,0,0,0,4,0,0,0,0,0,0,0,0
163,C,0,0,4,0,0,0,0,0,0,0,4,4,4,0,0,0,0,0,4,4,0,0,0,0,0,0
163,G,0,0,0,0,0,0,0,4,0,0,0,0,0,0,4,0,4,0,0,0,0,0,0,0,0,0
163,T,4,4,0,0,0,0,0,0,4,4,0,0,0,0,0,4,0,0,0,0,0,0,0,0,0,0
164,A,4,4,0,0,0,0,0,4,4,0,0,4,0,0,0,0,4,0,0,4,0,0,0,0,0,0
164,C,0,0,0,4,4,0,4,0,0,4,4,0,4,0,4,0,0,0,0,0,0,0,0,0,0,0
164,G,0,0,0,0,0,0,0,0,0,0,0,0,0,0,0,4,0,0,0,0,0,0,0,0,0,0
164,T,0,0,4,0,0,4,0,0,0,0,0,0,0,4,0,0,0,4,4,0,0,0,0,0,0,0
165,A,0,0,0,0,0,0,0,4,0,0,4,0,0,0,0,0,0,4,4,4,0,0,0,0,0,0
165,C,0,0,0,0,4,0,4,0,0,4,0,4,4,0,0,0,0,0,0,0,0,0,0,0,0,0
165,G,0,0,0,4,0,4,0,0,4,0,0,0,0,4,0,0,0,0,0,0,0,0,0,0,0,0
165,T,4,4,4,0,0,0,0,0,0,0,0,0,0,0,4,4,4,0,0,0,0,0,0,0,0,0
166,A,0,0,0,0,4,4,0,0,4,0,4,4,0,0,0,0,0,0,4,0,0,0,0,0,0,0
166,C,0,0,0,0,0,0,4,0,0,4,0,0,0,0,0,0,0,0,0,0,0,0,0,0,0,0
166,G,0,0,4,0,0,0,0,0,0,0,0,0,4,4,0,4,0,0,0,4,0,0,0,0,0,0
166,T,4,4,0,4,0,0,0,4,0,0,0,0,0,0,4,0,4,4,0,0,0,0,0,0,0,0
167,A,0,0,0,0,0,4,4,0,4,0,0,0,0,4,4,0,4,0,0,4,0,0,0,0,0,0
167,C,0,4,0,0,0,0,0,0,0,4,4,4,0,0,0,4,0,0,0,0,0,0,0,0,0,0
167,G,0,0,0,4,0,0,0,0,0,0,0,0,0,0,0,0,0,0,0,0,0,0,0,0,0,0
167,T,4,0,4,0,4,0,0,4,0,0,0,0,4,0,0,0,0,4,4,0,0,0,0,0,0,0
168,A,4,4,0,4,0,0,0,4,4,0,0,4,0,0,4,0,0,4,4,0,0,0,0,0,0,0
168,C,0,0,4,0,0,4,4,0,0,0,4,0,0,0,0,4,0,0,0,4,0,0,0,0,0,0
168,G,0,0,0,0,0,0,0,0,0,4,0,0,0,4,0,0,4,0,0,0,0,0,0,0,0,0
168,T,0,0,0,0,4,0,0,0,0,0,0,0,4,0,0,0,0,0,0,0,0,0,0,0,0,0
169,A,4,4,0,4,0,0,0,0,4,0,4,4,0,4,4,0,0,0,4,4,0,0,0,0,0,0
169,C,0,0,4,0,0,4,0,0,0,0,0,0,0,0,0,4,0,0,0,0,0,0,0,0,0,0
169,G,0,0,0,0,0,0,4,0,0,0,0,0,4,0,0,0,0,4,0,0,0,0,0,0,0,0
169,T,0,0,0,0,4,0,0,4,0,4,0,0,0,0,0,0,4,0,0,0,0,0,0,0,0,0
170,A,4,0,0,0,0,4,4,0,4,0,0,0,0,4,0,0,4,4,0,4,0,0,0,0,0,0
170,C,0,4,4,4,4,0,0,4,0,0,0,0,0,0,0,4,0,0,0,0,0,0,0,0,0,0
170,G,0,0,0,0,0,0,0,0,0,0,0,0,4,0,0,0,0,0,0,0,0,0,0,0,0,0
170,T,0,0,0,0,0,0,0,0,0,4,4,4,0,0,4,0,0,0,4,0,0,0,0,0,0,0
171,A,0,0,0,0,0,0,4,0,0,0,0,0,0,0,4,0,0,0,0,0,0,0,0,0,0,0
171,C,4,0,0,0,0,0,0,0,0,0,4,0,0,0,0,0,4,0,4,0,0,0,0,0,0,0
171,G,0,4,0,0,0,0,0,0,4,4,0,0,0,0,0,4,0,0,0,0,0,0,0,0,0,0
171,T,0,0,4,4,4,4,0,4,0,0,0,4,4,4,0,0,0,4,0,4,0,0,0,0,0,0
172,A,0,0,0,0,4,0,0,0,0,0,0,0,4,0,0,0,0,4,4,0,0,0,0,0,0,0
172,C,0,0,0,4,0,4,4,0,0,0,4,0,0,0,4,0,4,0,0,0,0,0,0,0,0,0
172,G,4,4,0,0,0,0,0,0,0,4,0,0,0,0,0,0,0,0,0,0,0,0,0,0,0,0
172,T,0,0,4,0,0,0,0,4,4,0,0,4,0,4,0,4,0,0,0,4,0,0,0,0,0,0
173,A,4,0,0,4,0,4,0,0,4,0,0,0,0,4,0,0,0,0,0,0,0,0,0,0,0,0
173,C,0,0,4,0,0,0,0,4,0,0,0,0,0,0,0,4,0,0,0,0,0,0,0,0,0,0
173,G,0,4,0,0,0,0,0,0,0,4,4,4,0,0,0,0,4,4,0,0,0,0,0,0,0,0
173,T,0,0,0,0,4,0,4,0,0,0,0,0,4,0,4,0,0,0,4,4,0,0,0,0,0,0
174,A,0,0,0,0,0,0,0,0,0,0,0,0,4,0,4,0,0,0,0,0,0,0,0,0,0,0
174,C,0,0,0,0,0,0,0,0,0,0,0,0,0,0,0,0,0,4,4,4,0,0,0,0,0,0
174,G,0,4,0,4,0,0,4,0,0,4,0,4,0,0,0,0,0,0,0,0,0,0,0,0,0,0
174,T,4,0,4,0,4,4,0,4,4,0,4,0,0,4,0,4,4,0,0,0,0,0,0,0,0,0
175,A,0,0,0,4,4,0,0,4,0,0,0,4,4,0,0,0,0,0,0,0,0,0,0,0,0,0
175,C,0,4,0,0,0,0,0,0,0,0,0,0,0,0,0,4,4,0,0,0,0,0,0,0,0,0
175,G,4,0,0,0,0,0,4,0,0,0,4,0,0,4,4,0,0,0,4,0,0,0,0,0,0,0
175,T,0,0,4,0,0,4,0,0,4,4,0,0,0,0,0,0,0,4,0,4,0,0,0,0,0,0
176,A,0,0,0,4,4,0,0,0,0,0,0,0,0,4,0,4,0,0,0,0,0,0,0,0,0,0
176,C,4,0,0,0,0,0,0,0,0,0,4,4,0,0,0,0,4,0,0,0,0,0,0,0,0,0
176,G,0,4,4,0,0,4,0,4,4,4,0,0,4,0,4,0,0,4,4,4,0,0,0,0,0,0
176,T,0,0,0,0,0,0,4,0,0,0,0,0,0,0,0,0,0,0,0,0,0,0,0,0,0,0
177,A,0,0,0,0,0,0,4,0,0,0,4,4,0,0,0,0,0,0,4,0,0,0,0,0,0,0
177,C,4,0,4,0,4,4,0,0,0,0,0,0,4,4,4,0,4,0,0,0,0,0,0,0,0,0
177,G,0,0,0,4,0,0,0,0,4,4,0,0,0,0,0,0,0,4,0,0,0,0,0,0,0,0
177,T,0,4,0,0,0,0,0,4,0,0,0,0,0,0,0,4,0,0,0,4,0,0,0,0,0,0
178,A,4,0,0,0,0,0,0,4,4,4,0,0,0,0,4,0,0,4,0,0,0,0,0,0,0,0
178,C,0,0,4,0,0,0,0,0,0,0,4,4,0,0,0,4,0,0,0,0,0,0,0,0,0,0
178,G,0,0,0,4,4,0,0,0,0,0,0,0,0,0,0,0,4,0,0,4,0,0,0,0,0,0
178,T,0,4,0,0,0,4,4,0,0,0,0,0,4,4,0,0,0,0,4,0,0,0,0,0,0,0
179,A,0,0,0,0,4,0,0,0,0,0,0,0,4,0,0,0,4,0,4,0,0,0,0,0,0,0
179,C,4,0,0,0,0,4,0,4,4,4,0,0,0,4,0,0,0,0,0,4,0,0,0,0,0,0
179,G,0,0,0,0,0,0,4,0,0,0,0,4,0,0,0,0,0,4,0,0,0,0,0,0,0,0
179,T,0,4,4,4,0,0,0,0,0,0,4,0,0,0,4,4,0,0,0,0,0,0,0,0,0,0
180,A,0,4,4,0,4,0,0,4,0,0,4,0,0,0,0,0,4,4,0,0,0,0,0,0,0,0
180,C,0,0,0,0,0,0,0,0,0,0,0,0,0,0,0,4,0,0,0,0,0,0,0,0,0,0
180,G,4,0,0,0,0,0,0,0,4,0,0,0,0,4,0,0,0,0,4,4,0,0,0,0,0,0
180,T,0,0,0,4,0,4,4,0,0,4,0,4,4,0,4,0,0,0,0,0,0,0,0,0,0,0
181,A,0,4,4,0,0,0,4,0,0,4,0,4,0,0,0,0,0,0,4,4,0,0,0,0,0,0
181,C,4,0,0,4,0,0,0,0,4,0,0,0,0,0,0,0,0,0,0,0,0,0,0,0,0,0
181,G,0,0,0,0,0,4,0,4,0,0,4,0,0,4,4,0,0,0,0,0,0,0,0,0,0,0
181,T,0,0,0,0,4,0,0,0,0,0,0,0,4,0,0,4,4,4,0,0,0,0,0,0,0,0
182,A,4,0,0,4,0,0,0,0,0,0,4,0,0,0,0,0,4,0,4,0,0,0,0,0,0,0
182,C,0,0,4,0,0,0,0,4,0,0,0,0,0,0,0,0,0,4,0,0,0,0,0,0,0,0
182,G,0,0,0,0,0,0,4,0,4,4,0,4,4,4,0,0,0,0,0,4,0,0,0,0,0,0
182,T,0,4,0,0,4,4,0,0,0,0,0,0,0,0,4,4,0,0,0,0,0,0,0,0,0,0
183,A,0,0,0,0,0,0,4,4,0,0,0,4,4,0,0,4,4,4,0,4,0,0,0,0,0,0
183,C,0,0,0,0,0,0,0,0,0,0,4,0,0,4,0,0,0,0,0,0,0,0,0,0,0,0
183,G,0,0,4,4,4,0,0,0,4,0,0,0,0,0,0,0,0,0,0,0,0,0,0,0,0,0
183,T,4,4,0,0,0,4,0,0,0,4,0,0,0,0,4,0,0,0,4,0,0,0,0,0,0,0
184,A,0,0,0,0,4,4,0,0,4,0,0,0,4,0,0,0,0,0,0,4,0,0,0,0,0,0
184,C,0,0,0,4,0,0,4,0,0,0,0,0,0,4,0,0,4,0,0,0,0,0,0,0,0,0
184,G,0,4,4,0,0,0,0,0,0,4,0,0,0,0,0,4,0,4,0,0,0,0,0,0,0,0
184,T,4,0,0,0,0,0,0,4,0,0,4,4,0,0,4,0,0,0,4,0,0,0,0,0,0,0
185,A,0,4,0,0,0,0,0,0,0,0,0,0,0,4,0,0,4,0,0,0,0,0,0,0,0,0
185,C,4,0,0,0,0,4,0,0,0,4,0,4,4,0,0,4,0,0,0,0,0,0,0,0,0,0
185,G,0,0,0,0,4,0,0,0,4,0,4,0,0,0,0,0,0,0,0,4,0,0,0,0,0,0
185,T,0,0,4,4,0,0,4,4,0,0,0,0,0,0,4,0,0,4,4,0,0,0,0,0,0,0
186,A,0,0,4,0,4,4,4,0,0,0,0,0,4,4,0,0,0,0,0,0,0,0,0,0,0,0
186,C,0,0,0,0,0,0,0,4,0,4,0,4,0,0,0,0,0,0,4,0,0,0,0,0,0,0
186,G,0,0,0,4,0,0,0,0,0,0,4,0,0,0,0,0,0,0,0,0,0,0,0,0,0,0
186,T,4,4,0,0,0,0,0,0,4,0,0,0,0,0,4,4,4,4,0,4,0,0,0,0,0,0
187,A,0,0,0,0,4,4,0,0,4,0,0,0,4,0,0,0,0,4,0,4,0,0,0,0,0,0
187,C,4,0,0,0,0,0,0,0,0,0,4,0,0,0,4,4,0,0,0,0,0,0,0,0,0,0
187,G,0,0,4,0,0,0,0,0,0,0,0,4,0,0,0,0,0,0,4,0,0,0,0,0,0,0
187,T,0,4,0,4,0,0,4,4,0,4,0,0,0,4,0,0,4,0,0,0,0,0,0,0,0,0
188,A,4,0,0,4,0,4,0,4,4,0,0,0,0,4,0,0,0,4,0,4,0,0,0,0,0,0
188,C,0,4,0,0,0,0,4,0,0,4,0,0,4,0,4,0,0,0,0,0,0,0,0,0,0,0
188,G,0,0,0,0,0,0,0,0,0,0,4,0,0,0,0,0,4,0,0,0,0,0,0,0,0,0
188,T,0,0,4,0,4,0,0,0,0,0,0,4,0,0,0,4,0,0,4,0,0,0,0,0,0,0
189,A,4,0,4,0,4,0,0,0,0,0,0,4,0,0,0,0,4,0,0,0,0,0,0,0,0,0
189,C,0,0,0,0,0,4,0,0,0,0,4,0,0,0,4,4,0,0,0,0,0,0,0,0,0,0
189,G,0,4,0,0,0,0,0,4,0,0,0,0,4,4,0,0,0,4,4,4,0,0,0,0,0,0
189,T,0,0,0,4,0,0,4,0,4,4,0,0,0,0,0,0,0,0,0,0,0,0,0,0,0,0
190,A,0,0,4,0,0,0,4,0,0,0,4,0,0,4,0,0,4,0,4,0,0,0,0,0,0,0
190,C,0,0,0,0,0,0,0,0,4,0,0,0,4,0,0,0,0,4,0,0,0,0,0,0,0,0
190,G,0,4,0,0,0,4,0,4,0,0,0,4,0,0,4,0,0,0,0,0,0,0,0,0,0,0
190,T,4,0,0,4,4,0,0,0,0,4,0,0,0,0,0,4,0,0,0,4,0,0,0,0,0,0
191,A,0,0,4,0,0,0,0,0,0,4,4,0,4,4,0,4,0,4,0,4,0,0,0,0,0,0
191,C,0,4,0,0,0,4,0,4,0,0,0,4,0,0,0,0,4,0,4,0,0,0,0,0,0,0
191,G,0,0,0,4,4,0,0,0,0,0,0,0,0,0,4,0,0,0,0,0,0,0,0,0,0,0
191,T,4,0,0,0,0,0,4,0,4,0,0,0,0,0,0,0,0,0,0,0,0,0,0,0,0,0
192,A,0,0,0,0,0,4,0,0,4,0,0,0,0,4,0,0,0,4,0,0,0,0,0,0,0,0
192,C,4,0,0,0,4,0,0,0,0,4,0,0,0,0,0,0,0,0,0,0,0,0,0,0,0,0
192,G,0,0,0,4,0,0,0,0,0,0,0,4,4,0,4,4,4,0,0,0,0,0,0,0,0,0
192,T,0,4,4,0,0,0,4,4,0,0,4,0,0,0,0,0,0,0,4,4,0,0,0,0,0,0
193,A,0,0,4,0,4,0,4,0,0,0,0,0,4,4,0,4,4,4,0,0,0,0,0,0,0,0
193,C,4,0,0,4,0,4,0,4,4,0,4,0,0,0,0,0,0,0,0,0,0,0,0,0,0,0
193,G,0,0,0,0,0,0,0,0,0,4,0,0,0,0,4,0,0,0,0,0,0,0,0,0,0,0
193,T,0,4,0,0,0,0,0,0,0,0,0,4,0,0,0,0,0,0,4,4,0,0,0,0,0,0
194,A,0,0,0,4,0,0,4,0,4,0,0,0,4,4,4,4,0,0,0,0,0,0,0,0,0,0
194,C,0,0,0,0,0,0,0,0,0,0,0,0,0,0,0,0,0,0,0,0,0,0,0,0,0,0
194,G,0,0,0,0,0,0,0,4,0,0,0,4,0,0,0,0,0,4,0,0,0,0,0,0,0,0
194,T,4,4,4,0,4,4,0,0,0,4,4,0,0,0,0,0,4,0,4,4,0,0,0,0,0,0
195,A,4,0,0,0,0,0,0,0,0,4,0,0,0,0,0,0,0,0,0,0,0,0,0,0,0,0
195,C,0,4,4,0,0,4,0,0,0,0,0,4,0,0,0,4,0,0,0,0,0,0,0,0,0,0
195,G,0,0,0,0,0,0,4,4,4,0,0,0,4,4,4,0,4,4,4,4,0,0,0,0,0,0
195,T,0,0,0,4,4,0,0,0,0,0,4,0,0,0,0,0,0,0,0,0,0,0,0,0,0,0
196,A,4,0,4,4,0,4,0,4,0,0,0,0,0,0,0,0,0,0,0,0,0,0,0,0,0,0
196,C,0,4,0,0,0,0,0,0,4,0,0,4,0,4,0,0,4,4,0,0,0,0,0,0,0,0
196,G,0,0,0,0,0,0,0,0,0,4,4,0,4,0,0,4,0,0,0,0,0,0,0,0,0,0
196,T,0,0,0,0,4,0,4,0,0,0,0,0,0,0,4,0,0,0,4,4,0,0,0,0,0,0
197,A,0,0,0,0,0,0,0,0,0,0,0,0,4,4,4,4,0,4,0,4,0,0,0,0,0,0
197,C,0,0,0,4,4,0,0,0,0,0,0,4,0,0,0,0,4,0,0,0,0,0,0,0,0,0
197,G,0,4,4,0,0,0,0,0,0,0,4,0,0,0,0,0,0,0,4,0,0,0,0,0,0,0
197,T,4,0,0,0,0,4,4,4,4,4,0,0,0,0,0,0,0,0,0,0,0,0,0,0,0,0
198,A,0,0,4,0,4,0,0,4,0,0,0,0,0,0,0,0,0,0,0,4,0,0,0,0,0,0
198,C,0,4,0,4,0,0,0,0,0,4,0,0,0,4,0,0,0,0,0,0,0,0,0,0,0,0
198,G,0,0,0,0,0,4,0,0,4,0,4,4,4,0,4,4,4,0,4,0,0,0,0,0,0,0
198,T,4,0,0,0,0,0,4,0,0,0,0,0,0,0,0,0,0,4,0,0,0,0,0,0,0,0
199,A,4,4,0,0,4,0,0,0,0,0,0,4,0,4,0,0,0,0,4,0,0,0,0,0,0,0
199,C,0,0,0,0,0,4,4,0,0,4,0,0,4,0,0,0,0,0,0,0,0,0,0,0,0,0
199,G,0,0,4,0,0,0,0,4,0,0,4,0,0,0,4,4,4,0,0,0,0,0,0,0,0,0
199,T,0,0,0,4,0,0,0,0,4,0,0,0,0,0,0,0,0,4,0,4,0,0,0,0,0,0
200,A,4,0,4,0,0,0,4,0,0,4,0,0,0,0,0,4,0,0,4,0,0,0,0,0,0,0
200,C,0,4,0,0,0,0,0,0,0,0,4,0,0,0,4,0,0,0,0,4,0,0,0,0,0,0
200,G,0,0,0,4,4,0,0,0,4,0,0,0,4,0,0,0,0,0,0,0,0,0,0,0,0,0
200,T,0,0,0,0,0,4,0,4,0,0,0,4,0,4,0,0,4,4,0,0,0,0,0,0,0,0
201,A,0,0,0,0,0,4,4,4,0,4,4,0,0,4,0,0,0,4,4,0,0,0,0,0,0,0
201,C,0,4,4,4,0,0,0,0,0,0,0,0,0,0,4,0,0,0,0,0,0,0,0,0,0,0
201,G,0,0,0,0,0,0,0,0,0,0,0,0,0,0,0,0,0,0,0,4,0,0,0,0,0,0
201,T,4,0,0,0,4,0,0,0,4,0,0,4,4,0,0,4,4,0,0,0,0,0,0,0,0,0
202,A,0,4,0,0,4,0,0,0,0,0,0,4,0,0,0,0,4,0,0,0,0,0,0,0,0,0
202,C,0,0,0,0,0,4,0,0,4,0,4,0,0,0,0,0,0,4,0,0,0,0,0,0,0,0
202,G,0,0,4,4,0,0,0,0,0,0,0,0,4,4,0,0,0,0,0,4,0,0,0,0,0,0
202,T,4,0,0,0,0,0,4,4,0,4,0,0,0,0,4,4,0,0,4,0,0,0,0,0,0,0
203,A,0,0,0,4,0,0,0,4,0,0,0,0,0,0,0,4,0,0,4,4,0,0,0,0,0,0
203,C,0,0,0,0,4,0,0,0,0,0,0,0,0,0,0,0,0,0,0,0,0,0,0,0,0,0
203,G,0,0,0,0,0,0,0,0,4,0,4,0,0,4,0,0,0,0,0,0,0,0,0,0,0,0
203,T,4,4,4,0,0,4,4,0,0,4,0,4,4,0,4,0,4,4,0,0,0,0,0,0,0,0
204,A,4,4,0,0,0,0,0,0,0,0,0,0,0,0,0,0,0,0,0,0,0,0,0,0,0,0
204,C,0,0,0,4,4,0,0,0,0,4,0,0,4,0,0,4,4,0,0,4,0,0,0,0,0,0
204,G,0,0,4,0,0,4,4,0,0,0,0,0,0,0,4,0,0,0,0,0,0,0,0,0,0,0
204,T,0,0,0,0,0,0,0,4,4,0,4,4,0,4,0,0,0,4,4,0,0,0,0,0,0,0
205,A,4,0,4,4,4,0,4,0,4,4,0,0,0,0,0,4,4,0,0,0,0,0,0,0,0,0
205,C,0,4,0,0,0,0,0,4,0,0,0,0,0,0,0,0,0,0,0,0,0,0,0,0,0,0
205,G,0,0,0,0,0,0,0,0,0,0,4,0,4,0,4,0,0,0,4,4,0,0,0,0,0,0
205,T,0,0,0,0,0,4,0,0,0,0,0,4,0,4,0,0,0,4,0,0,0,0,0,0,0,0
206,A,4,0,0,4,0,4,0,0,0,0,0,0,0,4,0,0,4,4,0,0,0,0,0,0,0,0
206,C,0,0,0,0,4,0,4,0,0,0,0,0,0,0,0,0,0,0,0,0,0,0,0,0,0,0
206,G,0,0,0,0,0,0,0,4,0,4,4,4,4,0,4,0,0,0,4,0,0,0,0,0,0,0
206,T,0,4,4,0,0,0,0,0,4,0,0,0,0,0,0,4,0,0,0,4,0,0,0,0,0,0
207,A,0,0,0,4,0,0,0,0,4,0,0,0,0,0,0,0,4,0,0,4,0,0,0,0,0,0
207,C,4,0,0,0,4,0,0,4,0,4,0,4,0,0,0,0,0,0,0,0,0,0,0,0,0,0
207,G,0,4,0,0,0,0,4,0,0,0,4,0,4,0,0,4,0,4,4,0,0,0,0,0,0,0
207,T,0,0,4,0,0,4,0,0,0,0,0,0,0,4,4,0,0,0,0,0,0,0,0,0,0,0
208,A,0,4,0,0,0,0,0,4,0,0,0,0,0,0,0,0,4,0,0,0,0,0,0,0,0,0
208,C,4,0,0,4,0,0,0,0,0,4,4,0,4,0,0,0,0,0,0,0,0,0,0,0,0,0
208,G,0,0,4,0,0,0,0,0,0,0,0,4,0,4,4,4,0,0,0,4,0,0,0,0,0,0
208,T,0,0,0,0,4,4,4,0,4,0,0,0,0,0,0,0,0,4,4,0,0,0,0,0,0,0
209,A,4,0,4,4,0,4,4,4,4,4,4,4,0,0,0,0,0,0,4,0,0,0,0,0,0,0
209,C,0,4,0,0,0,0,0,0,0,0,0,0,4,0,4,0,0,0,0,4,0,0,0,0,0,0
209,G,0,0,0,0,0,0,0,0,0,0,0,0,0,4,0,0,4,0,0,0,0,0,0,0,0,0
209,T,0,0,0,0,4,0,0,0,0,0,0,0,0,0,0,4,0,4,0,0,0,0,0,0,0,0
210,A,0,0,0,0,0,0,4,0,0,0,0,0,4,0,0,4,0,0,0,4,0,0,0,0,0,0
210,C,0,0,4,4,0,4,0,0,0,4,0,0,0,0,0,0,4,0,0,0,0,0,0,0,0,0
210,G,0,0,0,0,0,0,0,0,0,0,0,4,0,0,4,0,0,0,0,0,0,0,0,0,0,0
210,T,4,4,0,0,4,0,0,4,4,0,4,0,0,4,0,0,0,4,4,0,0,0,0,0,0,0
211,A,4,0,0,0,0,0,4,0,0,0,0,0,4,4,0,4,0,0,4,0,0,0,0,0,0,0
211,C,0,0,0,0,0,0,0,0,0,0,0,4,0,0,0,0,0,0,0,0,0,0,0,0,0,0
211,G,0,0,0,0,0,0,0,0,0,0,0,0,0,0,4,0,0,0,0,0,0,0,0,0,0,0
211,T,0,4,4,4,4,4,0,4,4,4,4,0,0,0,0,0,4,4,0,4,0,0,0,0,0,0
212,A,0,0,0,0,0,0,0,0,0,0,4,0,0,0,0,0,0,0,0,0,0,0,0,0,0,0
212,C,0,0,4,0,0,0,0,0,0,4,0,4,0,0,0,0,0,0,0,0,0,0,0,0,0,0
212,G,0,0,0,0,0,0,4,0,4,0,0,0,0,4,0,0,4,0,0,4,0,0,0,0,0,0
212,T,4,4,0,4,4,4,0,4,0,0,0,0,4,0,4,4,0,4,4,0,0,0,0,0,0,0
213,A,4,0,4,0,0,0,0,0,4,0,0,4,4,0,0,4,0,4,4,0,0,0,0,0,0,0
213,C,0,4,0,0,0,4,0,4,0,0,0,0,0,0,0,0,0,0,0,0,0,0,0,0,0,0
213,G,0,0,0,0,4,0,0,0,0,0,0,0,0,4,0,0,4,0,0,0,0,0,0,0,0,0
213,T,0,0,0,4,0,0,4,0,0,4,4,0,0,0,4,0,0,0,0,4,0,0,0,0,0,0
214,A,0,0,0,4,0,0,0,0,0,4,4,0,0,0,4,0,0,0,0,4,0,0,0,0,0,0
214,C,0,4,4,0,0,0,4,4,4,0,0,4,0,4,0,4,0,0,0,0,0,0,0,0,0,0
214,G,0,0,0,0,0,4,0,0,0,0,0,0,0,0,0,0,0,0,0,0,0,0,0,0,0,0
214,T,4,0,0,0,4,0,0,0,0,0,0,0,4,0,0,0,4,4,4,0,0,0,0,0,0,0
215,A,4,4,0,4,0,0,0,4,0,0,0,4,0,0,4,0,4,0,4,0,0,0,0,0,0,0
215,C,0,0,0,0,0,0,0,0,0,0,0,0,0,4,0,0,0,0,0,0,0,0,0,0,0,0
215,G,0,0,0,0,4,4,0,0,0,0,4,0,0,0,0,4,0,0,0,4,0,0,0,0,0,0
215,T,0,0,4,0,0,0,4,0,4,4,0,0,4,0,0,0,0,4,0,0,0,0,0,0,0,0
216,A,0,0,0,4,0,0,0,0,0,0,0,4,4,0,0,0,0,0,4,4,0,0,0,0,0,0
216,C,0,0,4,0,0,0,0,4,4,0,4,0,0,0,4,0,0,0,0,0,0,0,0,0,0,0
216,G,4,0,0,0,4,0,0,0,0,0,0,0,0,0,0,0,0,4,0,0,0,0,0,0,0,0
216,T,0,4,0,0,0,4,4,0,0,4,0,0,0,4,0,4,4,0,0,0,0,0,0,0,0,0
217,A,0,4,0,0,4,0,0,4,0,0,0,0,0,0,0,4,0,0,0,4,0,0,0,0,0,0
217,C,4,0,0,4,0,4,0,0,0,0,0,0,0,0,0,0,4,0,4,0,0,0,0,0,0,0
217,G,0,0,4,0,0,0,4,0,4,0,4,4,4,4,4,0,0,4,0,0,0,0,0,0,0,0
217,T,0,0,0,0,0,0,0,0,0,4,0,0,0,0,0,0,0,0,0,0,0,0,0,0,0,0
218,A,0,4,0,0,0,4,0,0,4,4,4,4,0,4,0,0,4,4,0,0,0,0,0,0,0,0
218,C,0,0,4,0,0,0,4,0,0,0,0,0,4,0,0,0,0,0,4,0,0,0,0,0,0,0
218,G,0,0,0,0,4,0,0,4,0,0,0,0,0,0,0,0,0,0,0,0,0,0,0,0,0,0
218,T,4,0,0,4,0,0,0,0,0,0,0,0,0,0,4,4,0,0,0,4,0,0,0,0,0,0
219,A,0,0,4,4,0,0,0,0,4,0,0,0,0,0,0,4,0,0,0,4,0,0,0,0,0,0
219,C,0,0,0,0,0,4,0,0,0,0,0,0,0,0,0,0,0,0,4,0,0,0,0,0,0,0
219,G,4,0,0,0,0,0,4,4,0,4,0,0,4,0,0,0,0,0,0,0,0,0,0,0,0,0
219,T,0,4,0,0,4,0,0,0,0,0,4,4,0,4,4,0,4,4,0,0,0,0,0,0,0,0
220,A,4,0,0,4,4,0,0,4,0,0,0,0,0,0,4,0,4,4,4,0,0,0,0,0,0,0
220,C,0,0,4,0,0,0,0,0,4,0,0,0,0,0,0,0,0,0,0,0,0,0,0,0,0,0
220,G,0,0,0,0,0,0,4,0,0,0,0,0,4,0,0,4,0,0,0,4,0,0,0,0,0,0
220,T,0,4,0,0,0,4,0,0,0,4,4,4,0,4,0,0,0,0,0,0,0,0,0,0,0,0
221,A,0,4,0,0,4,4,4,0,0,0,4,4,4,0,4,0,0,0,4,4,0,0,0,0,0,0
221,C,4,0,0,4,0,0,0,4,0,0,0,0,0,4,0,0,4,0,0,0,0,0,0,0,0,0
221,G,0,0,4,0,0,0,0,0,4,4,0,0,0,0,0,4,0,0,0,0,0,0,0,0,0,0
221,T,0,0,0,0,0,0,0,0,0,0,0,0,0,0,0,0,0,4,0,0,0,0,0,0,0,0
222,A,0,0,0,0,4,0,0,0,0,4,0,0,4,0,4,0,0,4,0,4,0,0,0,0,0,0
222,C,4,0,4,0,0,0,0,0,4,0,0,0,0,0,0,0,4,0,0,0,0,0,0,0,0,0
222,G,0,4,0,4,0,0,0,0,0,0,0,0,0,4,0,0,0,0,0,0,0,0,0,0,0,0
222,T,0,0,0,0,0,4,4,4,0,0,4,4,0,0,0,4,0,0,4,0,0,0,0,0,0,0
223,A,0,0,0,0,4,0,0,0,0,0,4,4,4,0,0,0,4,0,0,0,0,0,0,0,0,0
223,C,0,0,0,4,0,4,0,0,0,4,0,0,0,0,0,0,0,0,0,0,0,0,0,0,0,0
223,G,4,4,4,0,0,0,0,0,0,0,0,0,0,4,4,4,0,4,0,4,0,0,0,0,0,0
223,T,0,0,0,0,0,0,4,4,4,0,0,0,0,0,0,0,0,0,4,0,0,0,0,0,0,0
224,A,0,0,4,4,0,0,4,0,0,4,4,0,0,4,0,4,0,0,0,4,0,0,0,0,0,0
224,C,0,0,0,0,0,4,0,0,0,0,0,0,4,0,0,0,4,0,0,0,0,0,0,0,0,0
224,G,4,0,0,0,4,0,0,4,0,0,0,4,0,0,0,0,0,0,4,0,0,0,0,0,0,0
224,T,0,4,0,0,0,0,0,0,4,0,0,0,0,0,4,0,0,4,0,0,0,0,0,0,0,0
225,A,4,0,0,0,4,0,0,0,4,0,0,0,0,0,0,0,0,4,4,0,0,0,0,0,0,0
225,C,0,4,0,4,0,0,4,0,0,4,0,0,0,0,0,4,0,0,0,0,0,0,0,0,0,0
225,G,0,0,0,0,0,0,0,4,0,0,4,0,0,0,0,0,0,0,0,0,0,0,0,0,0,0
225,T,0,0,4,0,0,4,0,0,0,0,0,4,4,4,4,0,4,0,0,4,0,0,0,0,0,0
226,A,0,0,0,0,4,0,0,0,4,0,0,0,0,0,0,0,0,4,0,0,0,0,0,0,0,0
226,C,4,0,0,4,0,0,0,4,0,0,0,4,0,0,4,0,0,0,0,0,0,0,0,0,0,0
226,G,0,0,0,0,0,0,4,0,0,0,0,0,0,4,0,4,0,0,4,0,0,0,0,0,0,0
226,T,0,4,4,0,0,4,0,0,0,4,4,0,4,0,0,0,4,0,0,4,0,0,0,0,0,0
227,A,4,0,0,0,0,0,4,4,0,4,4,4,0,0,4,0,0,4,0,0,0,0,0,0,0,0
227,C,0,4,0,4,4,4,0,0,0,0,0,0,0,4,0,0,0,0,0,0,0,0,0,0,0,0
227,G,0,0,4,0,0,0,0,0,0,0,0,0,4,0,0,0,4,0,4,4,0,0,0,0,0,0
227,T,0,0,0,0,0,0,0,0,4,0,0,0,0,0,0,4,0,0,0,0,0,0,0,0,0,0
228,A,4,0,0,4,0,0,4,4,0,0,0,0,4,0,0,0,4,0,4,4,0,0,0,0,0,0
228,C,0,4,0,0,4,0,0,0,4,0,0,4,0,4,4,0,0,4,0,0,0,0,0,0,0,0
228,G,0,0,4,0,0,0,0,0,0,0,4,0,0,0,0,0,0,0,0,0,0,0,0,0,0,0
228,T,0,0,0,0,0,4,0,0,0,4,0,0,0,0,0,4,0,0,0,0,0,0,0,0,0,0
229,A,0,0,0,4,0,0,4,4,0,4,0,0,0,4,0,0,4,0,0,0,0,0,0,0,0,0
229,C,4,0,0,0,0,4,0,0,0,0,0,4,0,0,0,0,0,0,0,0,0,0,0,0,0,0
229,G,0,0,0,0,0,0,0,0,0,0,4,0,4,0,4,4,0,0,4,4,0,0,0,0,0,0
229,T,0,4,4,0,4,0,0,0,4,0,0,0,0,0,0,0,0,4,0,0,0,0,0,0,0,0
230,A,0,0,0,4,0,0,0,0,4,4,4,4,0,4,4,4,0,4,4,0,4,0,0,0,0,0
230,C,0,0,0,0,4,4,0,0,0,0,0,0,0,0,0,0,0,0,0,0,0,0,4,0,0,4
230,G,4,4,0,0,0,0,4,4,0,0,0,0,0,0,0,0,0,0,0,0,0,0,0,0,0,0
230,T,0,0,4,0,0,0,0,0,0,0,0,0,4,0,0,0,4,0,0,4,0,4,0,4,4,0
231,A,0,0,0,4,0,0,0,4,0,4,4,0,0,4,4,4,0,0,0,4,0,0,4,4,0,4
231,C,0,0,0,0,4,4,4,0,4,0,0,0,0,0,0,0,0,0,0,0,0,0,0,0,0,0
231,G,4,4,0,0,0,0,0,0,0,0,0,4,4,0,0,0,0,4,4,0,0,0,0,0,4,0
231,T,0,0,4,0,0,0,0,0,0,0,0,0,0,0,0,0,4,0,0,0,4,4,0,0,0,0
