Cluster.ID,Base,position_1,position_2,position_3,position_4,position_5,position_6,position_7,position_8,position_9,position_10,position_11,position_12,position_13,position_14,position_15,position_16,position_17,position_18,position_19,position_20
0,A,4,4,4,4,4,4,4,4,0,4,0,4,4,0,4,4,0,0,0,4
0,C,0,0,0,0,0,0,0,0,0,0,0,0,0,4,0,0,0,0,0,0
0,G,0,0,0,0,0,0,0,0,0,0,4,0,0,0,0,0,0,4,0,0
0,T,0,0,0,0,0,0,0,0,4,0,0,0,0,0,0,0,4,0,4,0
1,A,1,1,1,1,1,1,1,0,0,0,1,0,0,0,0,1,0,0,0,0
1,C,0,0,0,0,0,0,0,0,0,1,0,0,0,0,1,0,0,0,0,1
1,G,0,0,0,0,0,0,0,0,0,0,0,1,1,0,0,0,1,0,1,0
1,T,0,0,0,0,0,0,0,1,1,0,0,0,0,1,0,0,0,1,0,0
2,A,1,1,1,1,1,1,1,0,0,0,1,0,0,1,0,0,0,1,0,1
2,C,0,0,0,0,0,0,0,0,0,1,0,0,1,0,0,1,1,0,0,0
2,G,0,0,0,0,0,0,0,0,0,0,0,1,0,0,1,0,0,0,1,0
2,T,0,0,0,0,0,0,0,1,1,0,0,0,0,0,0,0,0,0,0,0
3,A,1,1,1,1,1,1,1,0,0,1,0,1,1,0,1,1,0,0,0,1
3,C,0,0,0,0,0,0,0,0,0,0,0,0,0,1,0,0,0,0,0,0
3,G,0,0,0,0,0,0,0,0,0,0,1,0,0,0,0,0,0,1,0,0
3,T,0,0,0,0,0,0,0,1,1,0,0,0,0,0,0,0,1,0,1,0
4,A,27,27,27,27,27,27,27,0,25,0,1,27,0,27,1,27,1,0,26,0
4,C,0,0,0,0,0,0,0,27,1,1,0,0,0,0,1,0,26,0,0,26
4,G,0,0,0,0,0,0,0,0,1,0,26,0,0,0,0,0,0,27,1,1
4,T,0,0,0,0,0,0,0,0,0,26,0,0,27,0,25,0,0,0,0,0
5,A,27,27,27,27,27,27,27,0,0,27,0,0,0,0,0,0,0,0,27,26
5,C,0,0,0,0,0,0,0,27,0,0,26,27,0,26,27,0,27,0,0,1
5,G,0,0,0,0,0,0,0,0,26,0,1,0,0,0,0,27,0,1,0,0
5,T,0,0,0,0,0,0,0,0,1,0,0,0,27,1,0,0,0,26,0,0
6,A,3,3,3,3,3,3,3,0,0,0,0,0,0,3,0,0,0,0,0,0
6,C,0,0,0,0,0,0,0,0,3,0,0,3,0,0,3,3,3,3,0,0
6,G,0,0,0,0,0,0,0,3,0,0,0,0,3,0,0,0,0,0,0,3
6,T,0,0,0,0,0,0,0,0,0,3,3,0,0,0,0,0,0,0,3,0
7,A,2,2,2,2,2,2,2,0,0,2,2,0,0,0,0,0,0,0,0,0
7,C,0,0,0,0,0,0,0,0,0,0,0,0,0,0,0,2,0,2,0,0
7,G,0,0,0,0,0,0,0,0,2,0,0,0,0,0,2,0,2,0,0,0
7,T,0,0,0,0,0,0,0,2,0,0,0,2,2,2,0,0,0,0,2,2
8,A,3,3,3,3,3,3,3,0,0,0,0,0,0,0,0,0,0,3,0,0
8,C,0,0,0,0,0,0,0,0,3,0,0,3,0,0,3,0,0,0,0,0
8,G,0,0,0,0,0,0,0,0,0,0,0,0,3,0,0,0,0,0,3,3
8,T,0,0,0,0,0,0,0,3,0,3,3,0,0,3,0,3,3,0,0,0
9,A,1,1,1,1,1,1,1,0,0,0,0,0,0,1,0,0,0,0,0,0
9,C,0,0,0,0,0,0,0,0,1,0,0,1,0,0,1,1,1,1,0,0
9,G,0,0,0,0,0,0,0,1,0,0,1,0,1,0,0,0,0,0,0,1
9,T,0,0,0,0,0,0,0,0,0,1,0,0,0,0,0,0,0,0,1,0
10,A,1,1,1,1,1,1,1,0,0,0,1,0,0,0,0,1,0,0,1,0
10,C,0,0,0,0,0,0,0,0,1,0,0,0,0,1,1,0,0,0,0,1
10,G,0,0,0,0,0,0,0,0,0,1,0,0,0,0,0,0,1,1,0,0
10,T,0,0,0,0,0,0,0,1,0,0,0,1,1,0,0,0,0,0,0,0
11,A,1,1,1,1,1,1,1,0,1,0,0,0,1,0,1,1,0,0,0,0
11,C,0,0,0,0,0,0,0,0,0,1,1,0,0,1,0,0,1,1,1,1
11,G,0,0,0,0,0,0,0,1,0,0,0,1,0,0,0,0,0,0,0,0
11,T,0,0,0,0,0,0,0,0,0,0,0,0,0,0,0,0,0,0,0,0
12,A,1,1,1,1,1,1,1,0,1,0,0,0,0,0,0,0,0,0,0,0
12,C,0,0,0,0,0,0,0,0,0,0,0,0,0,0,0,0,0,1,0,0
12,G,0,0,0,0,0,0,0,0,0,0,0,1,0,1,1,1,1,0,0,0
12,T,0,0,0,0,0,0,0,1,0,1,1,0,1,0,0,0,0,0,1,1
14,A,114,114,114,114,114,114,114,0,111,1,1,112,108,0,0,0,0,112,1,113
14,C,0,0,0,0,0,0,0,2,1,1,0,1,2,114,113,0,0,0,113,1
14,G,0,0,0,0,0,0,0,1,2,112,113,1,4,0,0,114,112,2,0,0
14,T,0,0,0,0,0,0,0,111,0,0,0,0,0,0,1,0,2,0,0,0
17,A,1,1,1,1,1,1,1,0,1,0,0,0,0,0,0,0,0,0,0,1
17,C,0,0,0,0,0,0,0,0,0,1,0,1,0,0,0,0,0,0,0,0
17,G,0,0,0,0,0,0,0,0,0,0,0,0,1,0,0,1,0,0,0,0
17,T,0,0,0,0,0,0,0,1,0,0,1,0,0,1,1,0,1,1,1,0
19,A,2,2,2,2,2,2,2,0,0,0,2,0,0,0,0,2,0,2,2,1
19,C,0,0,0,0,0,0,0,2,0,2,0,0,0,0,0,0,0,0,0,0
19,G,0,0,0,0,0,0,0,0,2,0,0,2,0,0,2,0,0,0,0,1
19,T,0,0,0,0,0,0,0,0,0,0,0,0,2,2,0,0,2,0,0,0
20,A,1,1,1,1,1,1,1,0,0,0,0,1,1,0,0,0,0,0,0,0
20,C,0,0,0,0,0,0,0,0,0,0,1,0,0,0,0,0,0,0,0,0
20,G,0,0,0,0,0,0,0,1,0,0,0,0,0,0,0,0,0,1,1,0
20,T,0,0,0,0,0,0,0,0,1,1,0,0,0,1,1,1,1,0,0,1
21,A,1,1,1,1,1,1,1,1,1,1,1,0,0,0,0,0,0,0,1,0
21,C,0,0,0,0,0,0,0,0,0,0,0,1,1,1,0,0,0,0,0,0
21,G,0,0,0,0,0,0,0,0,0,0,0,0,0,0,0,1,0,0,0,1
21,T,0,0,0,0,0,0,0,0,0,0,0,0,0,0,1,0,1,1,0,0
23,A,1,1,1,1,1,1,1,0,0,0,0,0,1,1,0,0,1,1,0,0
23,C,0,0,0,0,0,0,0,0,0,0,0,0,0,0,1,1,0,0,1,1
23,G,0,0,0,0,0,0,0,1,0,1,1,0,0,0,0,0,0,0,0,0
23,T,0,0,0,0,0,0,0,0,1,0,0,1,0,0,0,0,0,0,0,0
24,A,1,1,1,1,1,1,1,0,0,0,0,0,1,0,0,1,0,0,0,1
24,C,0,0,0,0,0,0,0,0,0,0,1,1,0,0,0,0,0,0,0,0
24,G,0,0,0,0,0,0,0,1,0,1,0,0,0,1,0,0,0,0,1,0
24,T,0,0,0,0,0,0,0,0,1,0,0,0,0,0,1,0,1,1,0,0
25,A,2,2,2,2,2,2,2,0,0,0,2,0,0,2,0,0,0,0,0,0
25,C,0,0,0,0,0,0,0,0,0,0,0,0,2,0,0,2,0,0,0,0
25,G,0,0,0,0,0,0,0,2,0,2,0,2,0,0,0,0,2,2,0,0
25,T,0,0,0,0,0,0,0,0,2,0,0,0,0,0,2,0,0,0,2,2
27,A,1,1,1,1,1,1,1,1,0,0,0,0,1,0,0,0,0,0,1,0
27,C,0,0,0,0,0,0,0,0,0,1,1,0,0,0,0,0,1,0,0,0
27,G,0,0,0,0,0,0,0,0,1,0,0,0,0,1,1,0,0,0,0,1
27,T,0,0,0,0,0,0,0,0,0,0,0,1,0,0,0,1,0,1,0,0
28,A,2,2,2,2,2,2,2,0,0,0,0,2,0,0,0,0,0,2,0,2
28,C,0,0,0,0,0,0,0,0,2,0,1,0,2,0,2,0,0,0,0,0
28,G,0,0,0,0,0,0,0,0,0,2,1,0,0,0,0,0,2,0,0,0
28,T,0,0,0,0,0,0,0,2,0,0,0,0,0,2,0,2,0,0,2,0
29,A,1,1,1,1,1,1,1,0,0,0,1,0,0,1,0,0,1,1,0,0
29,C,0,0,0,0,0,0,0,0,0,1,0,0,0,0,0,0,0,0,1,0
29,G,0,0,0,0,0,0,0,1,0,0,0,1,1,0,0,0,0,0,0,1
29,T,0,0,0,0,0,0,0,0,1,0,0,0,0,0,1,1,0,0,0,0
30,A,2,2,2,2,2,2,2,0,0,0,2,2,0,2,2,2,0,0,0,0
30,C,0,0,0,0,0,0,0,0,0,2,0,0,2,0,0,0,2,0,0,0
30,G,0,0,0,0,0,0,0,2,0,0,0,0,0,0,0,0,0,2,2,2
30,T,0,0,0,0,0,0,0,0,2,0,0,0,0,0,0,0,0,0,0,0
31,A,1,1,1,1,1,1,1,0,0,0,0,0,0,0,1,1,0,0,0,0
31,C,0,0,0,0,0,0,0,0,0,0,0,0,0,0,0,0,0,0,1,0
31,G,0,0,0,0,0,0,0,1,1,0,0,0,1,0,0,0,1,1,0,0
31,T,0,0,0,0,0,0,0,0,0,1,1,1,0,1,0,0,0,0,0,1
32,A,2,2,2,2,2,2,2,0,0,0,0,0,0,2,0,0,0,0,0,2
32,C,0,0,0,0,0,0,0,0,0,0,0,0,0,0,0,0,0,0,2,0
32,G,0,0,0,0,0,0,0,2,2,0,0,0,2,0,2,0,0,2,0,0
32,T,0,0,0,0,0,0,0,0,0,2,2,2,0,0,0,2,2,0,0,0
33,A,1,1,1,1,1,1,1,0,0,0,1,1,0,1,1,0,1,0,0,0
33,C,0,0,0,0,0,0,0,0,1,0,0,0,0,0,0,0,0,1,0,1
33,G,0,0,0,0,0,0,0,0,0,1,0,0,0,0,0,0,0,0,0,0
33,T,0,0,0,0,0,0,0,1,0,0,0,0,1,0,0,1,0,0,1,0
34,A,1,1,1,1,1,1,1,0,0,0,0,0,0,1,0,0,0,0,1,0
34,C,0,0,0,0,0,0,0,1,0,1,1,1,0,0,0,1,0,0,0,0
34,G,0,0,0,0,0,0,0,0,1,0,0,0,0,0,1,0,1,0,0,1
34,T,0,0,0,0,0,0,0,0,0,0,0,0,1,0,0,0,0,1,0,0
35,A,1,1,1,1,1,1,1,0,0,0,0,1,0,1,0,0,1,0,0,0
35,C,0,0,0,0,0,0,0,0,0,0,1,0,0,0,0,1,0,0,0,0
35,G,0,0,0,0,0,0,0,1,1,1,0,0,0,0,1,0,0,0,0,0
35,T,0,0,0,0,0,0,0,0,0,0,0,0,1,0,0,0,0,1,1,1
36,A,1,1,1,1,1,1,1,1,0,0,0,0,0,1,0,0,0,0,0,0
36,C,0,0,0,0,0,0,0,0,1,0,0,1,1,0,1,0,1,0,0,1
36,G,0,0,0,0,0,0,0,0,0,1,1,0,0,0,0,1,0,0,0,0
36,T,0,0,0,0,0,0,0,0,0,0,0,0,0,0,0,0,0,1,1,0
38,A,1,1,1,1,1,1,1,0,0,1,0,1,0,0,0,0,1,1,1,1
38,C,0,0,0,0,0,0,0,0,0,0,0,0,0,0,0,0,0,0,0,0
38,G,0,0,0,0,0,0,0,1,1,0,0,0,0,1,1,1,0,0,0,0
38,T,0,0,0,0,0,0,0,0,0,0,1,0,1,0,0,0,0,0,0,0
40,A,1,1,1,1,1,1,1,0,0,1,0,0,0,1,0,0,0,0,0,0
40,C,0,0,0,0,0,0,0,0,1,0,0,0,0,0,0,0,0,0,0,0
40,G,0,0,0,0,0,0,0,1,0,0,1,1,1,0,0,1,0,0,1,0
40,T,0,0,0,0,0,0,0,0,0,0,0,0,0,0,1,0,1,1,0,1
41,A,2,2,2,2,2,2,2,0,2,0,0,0,0,2,0,0,0,0,0,0
41,C,0,0,0,0,0,0,0,0,0,0,0,0,0,0,0,0,0,0,0,0
41,G,0,0,0,0,0,0,0,2,0,2,2,2,2,0,2,1,2,2,2,2
41,T,0,0,0,0,0,0,0,0,0,0,0,0,0,0,0,1,0,0,0,0
43,A,1,1,1,1,1,1,1,0,0,0,1,0,1,0,1,1,0,0,1,0
43,C,0,0,0,0,0,0,0,0,0,0,0,0,0,0,0,0,1,0,0,1
43,G,0,0,0,0,0,0,0,1,0,1,0,1,0,1,0,0,0,1,0,0
43,T,0,0,0,0,0,0,0,0,1,0,0,0,0,0,0,0,0,0,0,0
46,A,1,1,1,1,1,1,1,0,0,0,0,1,0,0,1,0,0,0,1,0
46,C,0,0,0,0,0,0,0,1,0,0,1,0,0,1,0,0,0,0,0,1
46,G,0,0,0,0,0,0,0,0,0,1,0,0,1,0,0,1,1,1,0,0
46,T,0,0,0,0,0,0,0,0,1,0,0,0,0,0,0,0,0,0,0,0
48,A,1,1,1,1,1,1,1,0,0,1,1,0,0,0,0,0,1,0,0,0
48,C,0,0,0,0,0,0,0,1,0,0,0,0,1,0,0,0,0,1,1,0
48,G,0,0,0,0,0,0,0,0,0,0,0,1,0,0,0,1,0,0,0,0
48,T,0,0,0,0,0,0,0,0,1,0,0,0,0,1,1,0,0,0,0,1
49,A,2,2,2,2,2,2,2,0,2,2,0,0,0,0,0,0,0,2,2,2
49,C,0,0,0,0,0,0,0,0,0,0,0,0,0,2,0,0,2,0,0,0
49,G,0,0,0,0,0,0,0,2,0,0,2,0,0,0,0,0,0,0,0,0
49,T,0,0,0,0,0,0,0,0,0,0,0,2,2,0,2,2,0,0,0,0
52,A,1,1,1,1,1,1,1,0,0,0,0,1,0,0,1,1,1,1,1,0
52,C,0,0,0,0,0,0,0,1,0,1,0,0,1,0,0,0,0,0,0,0
52,G,0,0,0,0,0,0,0,0,1,0,1,0,0,0,0,0,0,0,0,0
52,T,0,0,0,0,0,0,0,0,0,0,0,0,0,1,0,0,0,0,0,1
53,A,1,1,1,1,1,1,1,0,0,0,0,0,0,0,1,1,0,1,1,0
53,C,0,0,0,0,0,0,0,1,1,1,0,0,0,0,0,0,1,0,0,0
53,G,0,0,0,0,0,0,0,0,0,0,1,0,0,0,0,0,0,0,0,1
53,T,0,0,0,0,0,0,0,0,0,0,0,1,1,1,0,0,0,0,0,0
58,A,1,1,1,1,1,1,1,0,0,0,1,0,0,0,0,1,0,0,0,0
58,C,0,0,0,0,0,0,0,0,0,0,0,0,0,1,0,0,0,1,1,0
58,G,0,0,0,0,0,0,0,1,1,1,0,1,0,0,0,0,0,0,0,1
58,T,0,0,0,0,0,0,0,0,0,0,0,0,1,0,1,0,1,0,0,0
59,A,1,1,1,1,1,1,1,0,0,0,0,0,0,0,0,0,1,0,0,0
59,C,0,0,0,0,0,0,0,1,0,0,1,1,0,0,1,1,0,0,0,0
59,G,0,0,0,0,0,0,0,0,0,1,0,0,1,1,0,0,0,0,1,1
59,T,0,0,0,0,0,0,0,0,1,0,0,0,0,0,0,0,0,1,0,0
61,A,3,3,3,3,3,3,3,0,0,3,3,0,0,0,3,0,0,0,0,0
61,C,0,0,0,0,0,0,0,3,0,0,0,3,3,0,0,0,3,0,3,0
61,G,0,0,0,0,0,0,0,0,3,0,0,0,0,0,0,0,0,3,0,0
61,T,0,0,0,0,0,0,0,0,0,0,0,0,0,3,0,3,0,0,0,3
63,A,1,1,1,1,1,1,1,1,0,0,0,0,0,0,0,0,0,1,0,0
63,C,0,0,0,0,0,0,0,0,0,0,0,0,0,0,0,0,0,0,0,0
63,G,0,0,0,0,0,0,0,0,0,1,1,0,0,0,0,0,0,0,0,1
63,T,0,0,0,0,0,0,0,0,1,0,0,1,1,1,1,1,1,0,1,0
64,A,1,1,1,1,1,1,1,0,0,0,0,0,0,0,0,0,0,1,0,1
64,C,0,0,0,0,0,0,0,1,1,0,1,0,1,0,0,0,1,0,0,0
64,G,0,0,0,0,0,0,0,0,0,1,0,0,0,1,0,1,0,0,0,0
64,T,0,0,0,0,0,0,0,0,0,0,0,1,0,0,1,0,0,0,1,0
66,A,2,2,2,2,2,2,2,2,1,2,0,2,0,0,0,0,0,0,0,2
66,C,0,0,0,0,0,0,0,0,0,0,0,0,0,2,2,0,0,0,0,0
66,G,0,0,0,0,0,0,0,0,0,0,2,0,2,0,0,0,2,0,2,0
66,T,0,0,0,0,0,0,0,0,1,0,0,0,0,0,0,2,0,2,0,0
67,A,2,2,2,2,2,2,2,0,0,0,0,2,0,2,0,2,0,0,0,0
67,C,0,0,0,0,0,0,0,2,2,2,0,0,0,0,2,0,0,0,0,1
67,G,0,0,0,0,0,0,0,0,0,0,2,0,0,0,0,0,0,0,2,1
67,T,0,0,0,0,0,0,0,0,0,0,0,0,2,0,0,0,2,2,0,0
68,A,1,1,1,1,1,1,1,0,1,0,0,1,0,1,0,1,0,0,0,0
68,C,0,0,0,0,0,0,0,1,0,0,0,0,1,0,0,0,1,1,1,1
68,G,0,0,0,0,0,0,0,0,0,0,0,0,0,0,0,0,0,0,0,0
68,T,0,0,0,0,0,0,0,0,0,1,1,0,0,0,1,0,0,0,0,0
70,A,1,1,1,1,1,1,1,0,0,0,0,0,0,1,0,1,1,0,0,1
70,C,0,0,0,0,0,0,0,1,0,0,0,1,0,0,0,0,0,1,0,0
70,G,0,0,0,0,0,0,0,0,1,1,1,0,1,0,1,0,0,0,0,0
70,T,0,0,0,0,0,0,0,0,0,0,0,0,0,0,0,0,0,0,1,0
72,A,1,1,1,1,1,1,1,0,0,1,0,0,0,0,0,0,0,1,0,0
72,C,0,0,0,0,0,0,0,1,1,0,0,0,1,0,0,1,1,0,0,0
72,G,0,0,0,0,0,0,0,0,0,0,1,0,0,1,1,0,0,0,0,1
72,T,0,0,0,0,0,0,0,0,0,0,0,1,0,0,0,0,0,0,1,0
73,A,1,1,1,1,1,1,1,1,0,0,0,1,1,0,0,0,1,0,0,0
73,C,0,0,0,0,0,0,0,0,0,0,0,0,0,0,1,0,0,0,1,0
73,G,0,0,0,0,0,0,0,0,0,1,0,0,0,0,0,0,0,1,0,0
73,T,0,0,0,0,0,0,0,0,1,0,1,0,0,1,0,1,0,0,0,1
74,A,1,1,1,1,1,1,1,0,0,1,0,1,0,0,0,0,0,0,1,0
74,C,0,0,0,0,0,0,0,1,1,0,1,0,0,1,0,0,1,0,0,0
74,G,0,0,0,0,0,0,0,0,0,0,0,0,1,0,1,1,0,0,0,0
74,T,0,0,0,0,0,0,0,0,0,0,0,0,0,0,0,0,0,1,0,1
76,A,1,1,1,1,1,1,1,1,1,0,1,0,0,0,0,0,1,0,0,0
76,C,0,0,0,0,0,0,0,0,0,1,0,0,1,0,0,1,0,0,0,0
76,G,0,0,0,0,0,0,0,0,0,0,0,0,0,0,1,0,0,0,0,0
76,T,0,0,0,0,0,0,0,0,0,0,0,1,0,1,0,0,0,1,1,1
84,A,2,2,2,2,2,2,2,0,0,0,0,0,0,2,0,0,0,1,0,0
84,C,0,0,0,0,0,0,0,0,0,2,0,0,0,0,0,0,2,0,0,0
84,G,0,0,0,0,0,0,0,1,2,0,2,0,2,0,0,2,0,0,2,2
84,T,0,0,0,0,0,0,0,1,0,0,0,2,0,0,2,0,0,1,0,0
86,A,1,1,1,1,1,1,1,0,0,0,0,0,0,0,0,0,1,0,0,0
86,C,0,0,0,0,0,0,0,0,0,0,0,0,0,0,1,0,0,1,0,0
86,G,0,0,0,0,0,0,0,1,0,1,1,0,1,0,0,0,0,0,0,0
86,T,0,0,0,0,0,0,0,0,1,0,0,1,0,1,0,1,0,0,1,1
87,A,1,1,1,1,1,1,1,1,1,0,1,0,0,0,1,0,0,0,0,0
87,C,0,0,0,0,0,0,0,0,0,0,0,0,1,0,0,0,0,0,1,0
87,G,0,0,0,0,0,0,0,0,0,0,0,1,0,1,0,1,1,0,0,0
87,T,0,0,0,0,0,0,0,0,0,1,0,0,0,0,0,0,0,1,0,1
88,A,1,1,1,1,1,1,1,0,0,0,0,0,0,0,0,0,1,0,1,0
88,C,0,0,0,0,0,0,0,1,1,0,0,1,1,0,0,0,0,0,0,1
88,G,0,0,0,0,0,0,0,0,0,0,0,0,0,1,0,0,0,0,0,0
88,T,0,0,0,0,0,0,0,0,0,1,1,0,0,0,1,1,0,1,0,0
89,A,2,2,2,2,2,2,2,2,0,2,0,0,0,0,2,0,2,2,2,0
89,C,0,0,0,0,0,0,0,0,0,0,2,2,0,0,0,2,0,0,0,2
89,G,0,0,0,0,0,0,0,0,0,0,0,0,2,0,0,0,0,0,0,0
89,T,0,0,0,0,0,0,0,0,2,0,0,0,0,2,0,0,0,0,0,0
91,A,1,1,1,1,1,1,1,1,0,0,0,0,0,0,0,0,0,1,0,0
91,C,0,0,0,0,0,0,0,0,0,0,0,0,0,1,0,0,1,0,0,0
91,G,0,0,0,0,0,0,0,0,0,1,0,1,1,0,1,1,0,0,1,0
91,T,0,0,0,0,0,0,0,0,1,0,1,0,0,0,0,0,0,0,0,1
92,A,1,1,1,1,1,1,1,0,0,1,0,0,0,0,0,1,0,1,0,1
92,C,0,0,0,0,0,0,0,1,0,0,0,1,1,0,0,0,0,0,0,0
92,G,0,0,0,0,0,0,0,0,1,0,1,0,0,1,0,0,0,0,0,0
92,T,0,0,0,0,0,0,0,0,0,0,0,0,0,0,1,0,1,0,1,0
93,A,2,2,2,2,2,2,2,2,0,0,2,0,0,0,0,0,2,2,0,0
93,C,0,0,0,0,0,0,0,0,0,0,0,0,2,2,0,0,0,0,2,2
93,G,0,0,0,0,0,0,0,0,0,2,0,2,0,0,0,0,0,0,0,0
93,T,0,0,0,0,0,0,0,0,2,0,0,0,0,0,2,2,0,0,0,0
94,A,3,3,3,3,3,3,3,3,0,0,0,0,3,0,0,0,0,0,3,0
94,C,0,0,0,0,0,0,0,0,0,3,0,3,0,0,0,0,0,0,0,0
94,G,0,0,0,0,0,0,0,0,0,0,3,0,0,3,3,0,3,3,0,3
94,T,0,0,0,0,0,0,0,0,3,0,0,0,0,0,0,3,0,0,0,0
95,A,1,1,1,1,1,1,1,0,0,0,0,1,1,1,0,1,0,0,1,0
95,C,0,0,0,0,0,0,0,1,1,1,0,0,0,0,1,0,0,0,0,0
95,G,0,0,0,0,0,0,0,0,0,0,1,0,0,0,0,0,0,0,0,1
95,T,0,0,0,0,0,0,0,0,0,0,0,0,0,0,0,0,1,1,0,0
97,A,1,1,1,1,1,1,1,1,0,1,0,0,1,0,0,0,0,1,0,0
97,C,0,0,0,0,0,0,0,0,0,0,1,1,0,0,0,0,0,0,0,0
97,G,0,0,0,0,0,0,0,0,1,0,0,0,0,0,0,1,0,0,1,0
97,T,0,0,0,0,0,0,0,0,0,0,0,0,0,1,1,0,1,0,0,1
100,A,1,1,1,1,1,1,1,1,1,0,0,0,0,0,0,0,0,0,0,0
100,C,0,0,0,0,0,0,0,0,0,0,0,0,0,1,0,0,0,0,0,0
100,G,0,0,0,0,0,0,0,0,0,1,1,1,1,0,0,0,1,0,1,1
100,T,0,0,0,0,0,0,0,0,0,0,0,0,0,0,1,1,0,1,0,0
